/mnt/lustre/TAHAKOM/ActionRecognition/data_v2/Train/IDs/user_id_13522/Rearview/None/Rear_view_user_id_13522_5_00_11_00_31_Class_8_None.mp4,8
/mnt/lustre/TAHAKOM/ActionRecognition/data_v2/Train/IDs/user_id_13522/Rearview/None/Rear_view_user_id_13522_5_00_48_01_09_Class_12_None.mp4,12
/mnt/lustre/TAHAKOM/ActionRecognition/data_v2/Train/IDs/user_id_13522/Rearview/None/Rear_view_user_id_13522_5_01_25_01_48_Class_6_None.mp4,6
/mnt/lustre/TAHAKOM/ActionRecognition/data_v2/Train/IDs/user_id_13522/Rearview/None/Rear_view_user_id_13522_5_02_06_02_24_Class_5_None.mp4,5
/mnt/lustre/TAHAKOM/ActionRecognition/data_v2/Train/IDs/user_id_13522/Rearview/None/Rear_view_user_id_13522_5_02_39_03_01_Class_0_None.mp4,0
/mnt/lustre/TAHAKOM/ActionRecognition/data_v2/Train/IDs/user_id_13522/Rearview/None/Rear_view_user_id_13522_5_03_19_03_26_Class_1_None.mp4,1
/mnt/lustre/TAHAKOM/ActionRecognition/data_v2/Train/IDs/user_id_13522/Rearview/None/Rear_view_user_id_13522_5_03_40_03_49_Class_13_None.mp4,13
/mnt/lustre/TAHAKOM/ActionRecognition/data_v2/Train/IDs/user_id_13522/Rearview/None/Rear_view_user_id_13522_5_04_19_04_23_Class_10_None.mp4,10
/mnt/lustre/TAHAKOM/ActionRecognition/data_v2/Train/IDs/user_id_13522/Rearview/None/Rear_view_user_id_13522_5_04_38_04_45_Class_9_None.mp4,9
/mnt/lustre/TAHAKOM/ActionRecognition/data_v2/Train/IDs/user_id_13522/Rearview/None/Rear_view_user_id_13522_5_04_58_05_11_Class_4_None.mp4,4
/mnt/lustre/TAHAKOM/ActionRecognition/data_v2/Train/IDs/user_id_13522/Rearview/None/Rear_view_user_id_13522_5_05_30_05_45_Class_2_None.mp4,2
/mnt/lustre/TAHAKOM/ActionRecognition/data_v2/Train/IDs/user_id_13522/Rearview/None/Rear_view_user_id_13522_5_06_05_06_12_Class_3_None.mp4,3
/mnt/lustre/TAHAKOM/ActionRecognition/data_v2/Train/IDs/user_id_13522/Rearview/None/Rear_view_user_id_13522_5_06_26_06_30_Class_7_None.mp4,7
/mnt/lustre/TAHAKOM/ActionRecognition/data_v2/Train/IDs/user_id_13522/Rearview/None/Rear_view_user_id_13522_5_06_59_07_17_Class_11_None.mp4,11
/mnt/lustre/TAHAKOM/ActionRecognition/data_v2/Train/IDs/user_id_13522/Rearview/None/Rear_view_user_id_13522_5_07_32_07_50_Class_15_None.mp4,15
/mnt/lustre/TAHAKOM/ActionRecognition/data_v2/Train/IDs/user_id_13522/Rearview/None/Rear_view_user_id_13522_5_08_12_08_28_Class_14_None.mp4,14
/mnt/lustre/TAHAKOM/ActionRecognition/data_v2/Train/IDs/user_id_13522/Rearview/Hat/Rear_view_user_id_13522_7_00_11_00_21_Class_8_Hat.mp4,8
/mnt/lustre/TAHAKOM/ActionRecognition/data_v2/Train/IDs/user_id_13522/Rearview/Hat/Rear_view_user_id_13522_7_00_48_01_08_Class_12_Hat.mp4,12
/mnt/lustre/TAHAKOM/ActionRecognition/data_v2/Train/IDs/user_id_13522/Rearview/Hat/Rear_view_user_id_13522_7_01_25_01_45_Class_6_Hat.mp4,6
/mnt/lustre/TAHAKOM/ActionRecognition/data_v2/Train/IDs/user_id_13522/Rearview/Hat/Rear_view_user_id_13522_7_02_02_02_21_Class_5_Hat.mp4,5
/mnt/lustre/TAHAKOM/ActionRecognition/data_v2/Train/IDs/user_id_13522/Rearview/Hat/Rear_view_user_id_13522_7_02_37_02_58_Class_0_Hat.mp4,0
/mnt/lustre/TAHAKOM/ActionRecognition/data_v2/Train/IDs/user_id_13522/Rearview/Hat/Rear_view_user_id_13522_7_03_16_03_26_Class_1_Hat.mp4,1
/mnt/lustre/TAHAKOM/ActionRecognition/data_v2/Train/IDs/user_id_13522/Rearview/Hat/Rear_view_user_id_13522_7_03_40_03_49_Class_13_Hat.mp4,13
/mnt/lustre/TAHAKOM/ActionRecognition/data_v2/Train/IDs/user_id_13522/Rearview/Hat/Rear_view_user_id_13522_7_04_18_04_23_Class_10_Hat.mp4,10
/mnt/lustre/TAHAKOM/ActionRecognition/data_v2/Train/IDs/user_id_13522/Rearview/Hat/Rear_view_user_id_13522_7_04_37_04_42_Class_9_Hat.mp4,9
/mnt/lustre/TAHAKOM/ActionRecognition/data_v2/Train/IDs/user_id_13522/Rearview/Hat/Rear_view_user_id_13522_7_04_57_05_08_Class_4_Hat.mp4,4
/mnt/lustre/TAHAKOM/ActionRecognition/data_v2/Train/IDs/user_id_13522/Rearview/Hat/Rear_view_user_id_13522_7_05_26_05_43_Class_2_Hat.mp4,2
/mnt/lustre/TAHAKOM/ActionRecognition/data_v2/Train/IDs/user_id_13522/Rearview/Hat/Rear_view_user_id_13522_7_06_02_06_10_Class_3_Hat.mp4,3
/mnt/lustre/TAHAKOM/ActionRecognition/data_v2/Train/IDs/user_id_13522/Rearview/Hat/Rear_view_user_id_13522_7_06_24_06_27_Class_7_Hat.mp4,7
/mnt/lustre/TAHAKOM/ActionRecognition/data_v2/Train/IDs/user_id_13522/Rearview/Hat/Rear_view_user_id_13522_7_06_55_07_14_Class_11_Hat.mp4,11
/mnt/lustre/TAHAKOM/ActionRecognition/data_v2/Train/IDs/user_id_13522/Rearview/Hat/Rear_view_user_id_13522_7_07_29_07_50_Class_15_Hat.mp4,15
/mnt/lustre/TAHAKOM/ActionRecognition/data_v2/Train/IDs/user_id_13522/Rearview/Hat/Rear_view_user_id_13522_7_08_10_08_26_Class_14_Hat.mp4,14
/mnt/lustre/TAHAKOM/ActionRecognition/data_v2/Train/IDs/user_id_28557/Rearview/None/Rear_view_user_id_28557_5_07_47_07_52_Class_8_None.mp4,8
/mnt/lustre/TAHAKOM/ActionRecognition/data_v2/Train/IDs/user_id_28557/Rearview/None/Rear_view_user_id_28557_5_06_00_06_16_Class_12_None.mp4,12
/mnt/lustre/TAHAKOM/ActionRecognition/data_v2/Train/IDs/user_id_28557/Rearview/None/Rear_view_user_id_28557_5_00_33_00_48_Class_6_None.mp4,6
/mnt/lustre/TAHAKOM/ActionRecognition/data_v2/Train/IDs/user_id_28557/Rearview/None/Rear_view_user_id_28557_5_04_37_04_47_Class_5_None.mp4,5
/mnt/lustre/TAHAKOM/ActionRecognition/data_v2/Train/IDs/user_id_28557/Rearview/None/Rear_view_user_id_28557_5_01_06_01_24_Class_0_None.mp4,0
/mnt/lustre/TAHAKOM/ActionRecognition/data_v2/Train/IDs/user_id_28557/Rearview/None/Rear_view_user_id_28557_5_02_40_02_45_Class_1_None.mp4,1
/mnt/lustre/TAHAKOM/ActionRecognition/data_v2/Train/IDs/user_id_28557/Rearview/None/Rear_view_user_id_28557_5_01_59_02_06_Class_13_None.mp4,13
/mnt/lustre/TAHAKOM/ActionRecognition/data_v2/Train/IDs/user_id_28557/Rearview/None/Rear_view_user_id_28557_5_00_07_00_11_Class_10_None.mp4,10
/mnt/lustre/TAHAKOM/ActionRecognition/data_v2/Train/IDs/user_id_28557/Rearview/None/Rear_view_user_id_28557_5_05_05_05_10_Class_9_None.mp4,9
/mnt/lustre/TAHAKOM/ActionRecognition/data_v2/Train/IDs/user_id_28557/Rearview/None/Rear_view_user_id_28557_5_03_09_03_28_Class_4_None.mp4,4
/mnt/lustre/TAHAKOM/ActionRecognition/data_v2/Train/IDs/user_id_28557/Rearview/None/Rear_view_user_id_28557_5_05_28_05_43_Class_2_None.mp4,2
/mnt/lustre/TAHAKOM/ActionRecognition/data_v2/Train/IDs/user_id_28557/Rearview/None/Rear_view_user_id_28557_5_04_08_04_21_Class_3_None.mp4,3
/mnt/lustre/TAHAKOM/ActionRecognition/data_v2/Train/IDs/user_id_28557/Rearview/None/Rear_view_user_id_28557_5_01_38_01_41_Class_7_None.mp4,7
/mnt/lustre/TAHAKOM/ActionRecognition/data_v2/Train/IDs/user_id_28557/Rearview/None/Rear_view_user_id_28557_5_07_13_07_27_Class_11_None.mp4,11
/mnt/lustre/TAHAKOM/ActionRecognition/data_v2/Train/IDs/user_id_28557/Rearview/None/Rear_view_user_id_28557_5_03_33_03_48_Class_15_None.mp4,15
/mnt/lustre/TAHAKOM/ActionRecognition/data_v2/Train/IDs/user_id_28557/Rearview/None/Rear_view_user_id_28557_5_06_30_06_49_Class_14_None.mp4,14
/mnt/lustre/TAHAKOM/ActionRecognition/data_v2/Train/IDs/user_id_28557/Rearview/Hat/Rear_view_user_id_28557_7_07_45_07_50_Class_8_Hat.mp4,8
/mnt/lustre/TAHAKOM/ActionRecognition/data_v2/Train/IDs/user_id_28557/Rearview/Hat/Rear_view_user_id_28557_7_05_59_06_16_Class_12_Hat.mp4,12
/mnt/lustre/TAHAKOM/ActionRecognition/data_v2/Train/IDs/user_id_28557/Rearview/Hat/Rear_view_user_id_28557_7_00_33_00_41_Class_6_Hat.mp4,6
/mnt/lustre/TAHAKOM/ActionRecognition/data_v2/Train/IDs/user_id_28557/Rearview/Hat/Rear_view_user_id_28557_7_04_35_04_44_Class_5_Hat.mp4,5
/mnt/lustre/TAHAKOM/ActionRecognition/data_v2/Train/IDs/user_id_28557/Rearview/Hat/Rear_view_user_id_28557_7_01_05_01_24_Class_0_Hat.mp4,0
/mnt/lustre/TAHAKOM/ActionRecognition/data_v2/Train/IDs/user_id_28557/Rearview/Hat/Rear_view_user_id_28557_7_02_40_02_43_Class_1_Hat.mp4,1
/mnt/lustre/TAHAKOM/ActionRecognition/data_v2/Train/IDs/user_id_28557/Rearview/Hat/Rear_view_user_id_28557_7_01_58_02_04_Class_13_Hat.mp4,13
/mnt/lustre/TAHAKOM/ActionRecognition/data_v2/Train/IDs/user_id_28557/Rearview/Hat/Rear_view_user_id_28557_7_00_09_00_12_Class_10_Hat.mp4,10
/mnt/lustre/TAHAKOM/ActionRecognition/data_v2/Train/IDs/user_id_28557/Rearview/Hat/Rear_view_user_id_28557_7_05_04_05_07_Class_9_Hat.mp4,9
/mnt/lustre/TAHAKOM/ActionRecognition/data_v2/Train/IDs/user_id_28557/Rearview/Hat/Rear_view_user_id_28557_7_03_08_03_29_Class_4_Hat.mp4,4
/mnt/lustre/TAHAKOM/ActionRecognition/data_v2/Train/IDs/user_id_28557/Rearview/Hat/Rear_view_user_id_28557_7_05_27_05_43_Class_2_Hat.mp4,2
/mnt/lustre/TAHAKOM/ActionRecognition/data_v2/Train/IDs/user_id_28557/Rearview/Hat/Rear_view_user_id_28557_7_04_10_04_18_Class_3_Hat.mp4,3
/mnt/lustre/TAHAKOM/ActionRecognition/data_v2/Train/IDs/user_id_28557/Rearview/Hat/Rear_view_user_id_28557_7_01_38_01_42_Class_7_Hat.mp4,7
/mnt/lustre/TAHAKOM/ActionRecognition/data_v2/Train/IDs/user_id_28557/Rearview/Hat/Rear_view_user_id_28557_7_07_14_07_29_Class_11_Hat.mp4,11
/mnt/lustre/TAHAKOM/ActionRecognition/data_v2/Train/IDs/user_id_28557/Rearview/Hat/Rear_view_user_id_28557_7_03_32_03_47_Class_15_Hat.mp4,15
/mnt/lustre/TAHAKOM/ActionRecognition/data_v2/Train/IDs/user_id_28557/Rearview/Hat/Rear_view_user_id_28557_7_06_29_06_49_Class_14_Hat.mp4,14
/mnt/lustre/TAHAKOM/ActionRecognition/data_v2/Train/IDs/user_id_31903/Rearview/None/Rear_view_user_id_31903_5_00_09_00_31_Class_11_None.mp4,11
/mnt/lustre/TAHAKOM/ActionRecognition/data_v2/Train/IDs/user_id_31903/Rearview/None/Rear_view_user_id_31903_5_00_46_01_08_Class_8_None.mp4,8
/mnt/lustre/TAHAKOM/ActionRecognition/data_v2/Train/IDs/user_id_31903/Rearview/None/Rear_view_user_id_31903_5_01_21_01_37_Class_1_None.mp4,1
/mnt/lustre/TAHAKOM/ActionRecognition/data_v2/Train/IDs/user_id_31903/Rearview/None/Rear_view_user_id_31903_5_01_50_02_08_Class_14_None.mp4,14
/mnt/lustre/TAHAKOM/ActionRecognition/data_v2/Train/IDs/user_id_31903/Rearview/None/Rear_view_user_id_31903_5_02_20_02_28_Class_7_None.mp4,7
/mnt/lustre/TAHAKOM/ActionRecognition/data_v2/Train/IDs/user_id_31903/Rearview/None/Rear_view_user_id_31903_5_02_40_02_47_Class_10_None.mp4,10
/mnt/lustre/TAHAKOM/ActionRecognition/data_v2/Train/IDs/user_id_31903/Rearview/None/Rear_view_user_id_31903_5_03_03_03_16_Class_4_None.mp4,4
/mnt/lustre/TAHAKOM/ActionRecognition/data_v2/Train/IDs/user_id_31903/Rearview/None/Rear_view_user_id_31903_5_03_29_03_39_Class_9_None.mp4,9
/mnt/lustre/TAHAKOM/ActionRecognition/data_v2/Train/IDs/user_id_31903/Rearview/None/Rear_view_user_id_31903_5_04_01_04_23_Class_12_None.mp4,12
/mnt/lustre/TAHAKOM/ActionRecognition/data_v2/Train/IDs/user_id_31903/Rearview/None/Rear_view_user_id_31903_5_04_37_04_53_Class_0_None.mp4,0
/mnt/lustre/TAHAKOM/ActionRecognition/data_v2/Train/IDs/user_id_31903/Rearview/None/Rear_view_user_id_31903_5_05_19_05_31_Class_15_None.mp4,15
/mnt/lustre/TAHAKOM/ActionRecognition/data_v2/Train/IDs/user_id_31903/Rearview/None/Rear_view_user_id_31903_5_05_43_06_08_Class_3_None.mp4,3
/mnt/lustre/TAHAKOM/ActionRecognition/data_v2/Train/IDs/user_id_31903/Rearview/None/Rear_view_user_id_31903_5_06_19_06_35_Class_2_None.mp4,2
/mnt/lustre/TAHAKOM/ActionRecognition/data_v2/Train/IDs/user_id_31903/Rearview/None/Rear_view_user_id_31903_5_06_46_07_05_Class_13_None.mp4,13
/mnt/lustre/TAHAKOM/ActionRecognition/data_v2/Train/IDs/user_id_31903/Rearview/None/Rear_view_user_id_31903_5_07_19_07_39_Class_5_None.mp4,5
/mnt/lustre/TAHAKOM/ActionRecognition/data_v2/Train/IDs/user_id_31903/Rearview/None/Rear_view_user_id_31903_5_07_52_08_12_Class_6_None.mp4,6
/mnt/lustre/TAHAKOM/ActionRecognition/data_v2/Train/IDs/user_id_31903/Rearview/Sunglasses/Rear_view_user_id_31903_7_00_09_00_32_Class_11_Sunglasses.mp4,11
/mnt/lustre/TAHAKOM/ActionRecognition/data_v2/Train/IDs/user_id_31903/Rearview/Sunglasses/Rear_view_user_id_31903_7_00_46_01_12_Class_8_Sunglasses.mp4,8
/mnt/lustre/TAHAKOM/ActionRecognition/data_v2/Train/IDs/user_id_31903/Rearview/Sunglasses/Rear_view_user_id_31903_7_01_20_01_36_Class_1_Sunglasses.mp4,1
/mnt/lustre/TAHAKOM/ActionRecognition/data_v2/Train/IDs/user_id_31903/Rearview/Sunglasses/Rear_view_user_id_31903_7_01_50_02_06_Class_14_Sunglasses.mp4,14
/mnt/lustre/TAHAKOM/ActionRecognition/data_v2/Train/IDs/user_id_31903/Rearview/Sunglasses/Rear_view_user_id_31903_7_02_16_02_26_Class_7_Sunglasses.mp4,7
/mnt/lustre/TAHAKOM/ActionRecognition/data_v2/Train/IDs/user_id_31903/Rearview/Sunglasses/Rear_view_user_id_31903_7_02_39_02_46_Class_10_Sunglasses.mp4,10
/mnt/lustre/TAHAKOM/ActionRecognition/data_v2/Train/IDs/user_id_31903/Rearview/Sunglasses/Rear_view_user_id_31903_7_02_56_03_14_Class_4_Sunglasses.mp4,4
/mnt/lustre/TAHAKOM/ActionRecognition/data_v2/Train/IDs/user_id_31903/Rearview/Sunglasses/Rear_view_user_id_31903_7_03_27_03_39_Class_9_Sunglasses.mp4,9
/mnt/lustre/TAHAKOM/ActionRecognition/data_v2/Train/IDs/user_id_31903/Rearview/Sunglasses/Rear_view_user_id_31903_7_04_02_04_20_Class_12_Sunglasses.mp4,12
/mnt/lustre/TAHAKOM/ActionRecognition/data_v2/Train/IDs/user_id_31903/Rearview/Sunglasses/Rear_view_user_id_31903_7_04_37_04_53_Class_0_Sunglasses.mp4,0
/mnt/lustre/TAHAKOM/ActionRecognition/data_v2/Train/IDs/user_id_31903/Rearview/Sunglasses/Rear_view_user_id_31903_7_05_07_05_30_Class_15_Sunglasses.mp4,15
/mnt/lustre/TAHAKOM/ActionRecognition/data_v2/Train/IDs/user_id_31903/Rearview/Sunglasses/Rear_view_user_id_31903_7_05_43_06_13_Class_3_Sunglasses.mp4,3
/mnt/lustre/TAHAKOM/ActionRecognition/data_v2/Train/IDs/user_id_31903/Rearview/Sunglasses/Rear_view_user_id_31903_7_06_19_06_34_Class_2_Sunglasses.mp4,2
/mnt/lustre/TAHAKOM/ActionRecognition/data_v2/Train/IDs/user_id_31903/Rearview/Sunglasses/Rear_view_user_id_31903_7_06_45_07_05_Class_13_Sunglasses.mp4,13
/mnt/lustre/TAHAKOM/ActionRecognition/data_v2/Train/IDs/user_id_31903/Rearview/Sunglasses/Rear_view_user_id_31903_7_07_17_07_38_Class_5_Sunglasses.mp4,5
/mnt/lustre/TAHAKOM/ActionRecognition/data_v2/Train/IDs/user_id_31903/Rearview/Sunglasses/Rear_view_user_id_31903_7_07_51_08_10_Class_6_Sunglasses.mp4,6
/mnt/lustre/TAHAKOM/ActionRecognition/data_v2/Train/IDs/user_id_39367/Rearview/None/Rear_view_user_id_39367_5_00_09_00_22_Class_15_None.mp4,15
/mnt/lustre/TAHAKOM/ActionRecognition/data_v2/Train/IDs/user_id_39367/Rearview/None/Rear_view_user_id_39367_5_00_35_00_43_Class_13_None.mp4,13
/mnt/lustre/TAHAKOM/ActionRecognition/data_v2/Train/IDs/user_id_39367/Rearview/None/Rear_view_user_id_39367_5_01_07_01_29_Class_8_None.mp4,8
/mnt/lustre/TAHAKOM/ActionRecognition/data_v2/Train/IDs/user_id_39367/Rearview/None/Rear_view_user_id_39367_5_01_45_01_52_Class_1_None.mp4,1
/mnt/lustre/TAHAKOM/ActionRecognition/data_v2/Train/IDs/user_id_39367/Rearview/None/Rear_view_user_id_39367_5_01_54_01_59_Class_1_None.mp4,1
/mnt/lustre/TAHAKOM/ActionRecognition/data_v2/Train/IDs/user_id_39367/Rearview/None/Rear_view_user_id_39367_5_02_16_02_21_Class_9_None.mp4,9
/mnt/lustre/TAHAKOM/ActionRecognition/data_v2/Train/IDs/user_id_39367/Rearview/None/Rear_view_user_id_39367_5_02_36_02_48_Class_4_None.mp4,4
/mnt/lustre/TAHAKOM/ActionRecognition/data_v2/Train/IDs/user_id_39367/Rearview/None/Rear_view_user_id_39367_5_03_13_03_31_Class_11_None.mp4,11
/mnt/lustre/TAHAKOM/ActionRecognition/data_v2/Train/IDs/user_id_39367/Rearview/None/Rear_view_user_id_39367_5_03_49_03_56_Class_7_None.mp4,7
/mnt/lustre/TAHAKOM/ActionRecognition/data_v2/Train/IDs/user_id_39367/Rearview/None/Rear_view_user_id_39367_5_04_10_04_26_Class_5_None.mp4,5
/mnt/lustre/TAHAKOM/ActionRecognition/data_v2/Train/IDs/user_id_39367/Rearview/None/Rear_view_user_id_39367_5_04_41_05_01_Class_6_None.mp4,6
/mnt/lustre/TAHAKOM/ActionRecognition/data_v2/Train/IDs/user_id_39367/Rearview/None/Rear_view_user_id_39367_5_05_22_05_25_Class_3_None.mp4,3
/mnt/lustre/TAHAKOM/ActionRecognition/data_v2/Train/IDs/user_id_39367/Rearview/None/Rear_view_user_id_39367_5_05_48_06_04_Class_14_None.mp4,14
/mnt/lustre/TAHAKOM/ActionRecognition/data_v2/Train/IDs/user_id_39367/Rearview/None/Rear_view_user_id_39367_5_06_20_06_43_Class_0_None.mp4,0
/mnt/lustre/TAHAKOM/ActionRecognition/data_v2/Train/IDs/user_id_39367/Rearview/None/Rear_view_user_id_39367_5_06_58_07_02_Class_10_None.mp4,10
/mnt/lustre/TAHAKOM/ActionRecognition/data_v2/Train/IDs/user_id_39367/Rearview/None/Rear_view_user_id_39367_5_07_18_07_39_Class_12_None.mp4,12
/mnt/lustre/TAHAKOM/ActionRecognition/data_v2/Train/IDs/user_id_39367/Rearview/None/Rear_view_user_id_39367_5_08_01_08_15_Class_2_None.mp4,2
/mnt/lustre/TAHAKOM/ActionRecognition/data_v2/Train/IDs/user_id_39367/Rearview/Hat/Rear_view_user_id_39367_7_00_08_00_22_Class_15_Hat.mp4,15
/mnt/lustre/TAHAKOM/ActionRecognition/data_v2/Train/IDs/user_id_39367/Rearview/Hat/Rear_view_user_id_39367_7_00_35_00_44_Class_13_Hat.mp4,13
/mnt/lustre/TAHAKOM/ActionRecognition/data_v2/Train/IDs/user_id_39367/Rearview/Hat/Rear_view_user_id_39367_7_00_47_00_50_Class_13_Hat.mp4,13
/mnt/lustre/TAHAKOM/ActionRecognition/data_v2/Train/IDs/user_id_39367/Rearview/Hat/Rear_view_user_id_39367_7_01_07_01_30_Class_8_Hat.mp4,8
/mnt/lustre/TAHAKOM/ActionRecognition/data_v2/Train/IDs/user_id_39367/Rearview/Hat/Rear_view_user_id_39367_7_01_46_01_51_Class_1_Hat.mp4,1
/mnt/lustre/TAHAKOM/ActionRecognition/data_v2/Train/IDs/user_id_39367/Rearview/Hat/Rear_view_user_id_39367_7_01_55_01_58_Class_1_Hat.mp4,1
/mnt/lustre/TAHAKOM/ActionRecognition/data_v2/Train/IDs/user_id_39367/Rearview/Hat/Rear_view_user_id_39367_7_02_16_02_22_Class_9_Hat.mp4,9
/mnt/lustre/TAHAKOM/ActionRecognition/data_v2/Train/IDs/user_id_39367/Rearview/Hat/Rear_view_user_id_39367_7_02_40_02_50_Class_4_Hat.mp4,4
/mnt/lustre/TAHAKOM/ActionRecognition/data_v2/Train/IDs/user_id_39367/Rearview/Hat/Rear_view_user_id_39367_7_03_13_03_33_Class_11_Hat.mp4,11
/mnt/lustre/TAHAKOM/ActionRecognition/data_v2/Train/IDs/user_id_39367/Rearview/Hat/Rear_view_user_id_39367_7_03_48_03_57_Class_7_Hat.mp4,7
/mnt/lustre/TAHAKOM/ActionRecognition/data_v2/Train/IDs/user_id_39367/Rearview/Hat/Rear_view_user_id_39367_7_04_11_04_26_Class_5_Hat.mp4,5
/mnt/lustre/TAHAKOM/ActionRecognition/data_v2/Train/IDs/user_id_39367/Rearview/Hat/Rear_view_user_id_39367_7_04_43_05_02_Class_6_Hat.mp4,6
/mnt/lustre/TAHAKOM/ActionRecognition/data_v2/Train/IDs/user_id_39367/Rearview/Hat/Rear_view_user_id_39367_7_05_29_05_37_Class_3_Hat.mp4,3
/mnt/lustre/TAHAKOM/ActionRecognition/data_v2/Train/IDs/user_id_39367/Rearview/Hat/Rear_view_user_id_39367_7_05_48_06_05_Class_14_Hat.mp4,14
/mnt/lustre/TAHAKOM/ActionRecognition/data_v2/Train/IDs/user_id_39367/Rearview/Hat/Rear_view_user_id_39367_7_06_20_06_42_Class_0_Hat.mp4,0
/mnt/lustre/TAHAKOM/ActionRecognition/data_v2/Train/IDs/user_id_39367/Rearview/Hat/Rear_view_user_id_39367_7_06_58_07_03_Class_10_Hat.mp4,10
/mnt/lustre/TAHAKOM/ActionRecognition/data_v2/Train/IDs/user_id_39367/Rearview/Hat/Rear_view_user_id_39367_7_07_18_07_40_Class_12_Hat.mp4,12
/mnt/lustre/TAHAKOM/ActionRecognition/data_v2/Train/IDs/user_id_39367/Rearview/Hat/Rear_view_user_id_39367_7_07_56_08_16_Class_2_Hat.mp4,2
/mnt/lustre/TAHAKOM/ActionRecognition/data_v2/Train/IDs/user_id_42711/Rearview/None/Rear_view_user_id_42711_5__00_07__00_25_Class_1_None.mp4,1
/mnt/lustre/TAHAKOM/ActionRecognition/data_v2/Train/IDs/user_id_42711/Rearview/None/Rear_view_user_id_42711_5__00_57__01_06_Class_3_None.mp4,3
/mnt/lustre/TAHAKOM/ActionRecognition/data_v2/Train/IDs/user_id_42711/Rearview/None/Rear_view_user_id_42711_5__01_16__01_37_Class_5_None.mp4,5
/mnt/lustre/TAHAKOM/ActionRecognition/data_v2/Train/IDs/user_id_42711/Rearview/None/Rear_view_user_id_42711_5__01_50__02_15_Class_0_None.mp4,0
/mnt/lustre/TAHAKOM/ActionRecognition/data_v2/Train/IDs/user_id_42711/Rearview/None/Rear_view_user_id_42711_5__02_29__02_37_Class_7_None.mp4,7
/mnt/lustre/TAHAKOM/ActionRecognition/data_v2/Train/IDs/user_id_42711/Rearview/None/Rear_view_user_id_42711_5__02_49__03_16_Class_14_None.mp4,14
/mnt/lustre/TAHAKOM/ActionRecognition/data_v2/Train/IDs/user_id_42711/Rearview/None/Rear_view_user_id_42711_5__03_33__03_44_Class_2_None.mp4,2
/mnt/lustre/TAHAKOM/ActionRecognition/data_v2/Train/IDs/user_id_42711/Rearview/None/Rear_view_user_id_42711_5__03_54__04_14_Class_13_None.mp4,13
/mnt/lustre/TAHAKOM/ActionRecognition/data_v2/Train/IDs/user_id_42711/Rearview/None/Rear_view_user_id_42711_5__04_30__04_49_Class_15_None.mp4,15
/mnt/lustre/TAHAKOM/ActionRecognition/data_v2/Train/IDs/user_id_42711/Rearview/None/Rear_view_user_id_42711_5__05_05__05_09_Class_9_None.mp4,9
/mnt/lustre/TAHAKOM/ActionRecognition/data_v2/Train/IDs/user_id_42711/Rearview/None/Rear_view_user_id_42711_5__05_28__05_50_Class_4_None.mp4,4
/mnt/lustre/TAHAKOM/ActionRecognition/data_v2/Train/IDs/user_id_42711/Rearview/None/Rear_view_user_id_42711_5__05_56__06_22_Class_6_None.mp4,6
/mnt/lustre/TAHAKOM/ActionRecognition/data_v2/Train/IDs/user_id_42711/Rearview/None/Rear_view_user_id_42711_5__06_34__06_55_Class_12_None.mp4,12
/mnt/lustre/TAHAKOM/ActionRecognition/data_v2/Train/IDs/user_id_42711/Rearview/None/Rear_view_user_id_42711_5__07_17__07_40_Class_11_None.mp4,11
/mnt/lustre/TAHAKOM/ActionRecognition/data_v2/Train/IDs/user_id_42711/Rearview/None/Rear_view_user_id_42711_5__07_53__07_56_Class_10_None.mp4,10
/mnt/lustre/TAHAKOM/ActionRecognition/data_v2/Train/IDs/user_id_42711/Rearview/None/Rear_view_user_id_42711_5__08_15__08_24_Class_8_None.mp4,8
/mnt/lustre/TAHAKOM/ActionRecognition/data_v2/Train/IDs/user_id_42711/Rearview/Sunglasses/Rear_view_user_id_42711_7__00_14__00_19_Class_1_Sunglasses.mp4,1
/mnt/lustre/TAHAKOM/ActionRecognition/data_v2/Train/IDs/user_id_42711/Rearview/Sunglasses/Rear_view_user_id_42711_7__00_53__01_06_Class_3_Sunglasses.mp4,3
/mnt/lustre/TAHAKOM/ActionRecognition/data_v2/Train/IDs/user_id_42711/Rearview/Sunglasses/Rear_view_user_id_42711_7__01_18__01_31_Class_5_Sunglasses.mp4,5
/mnt/lustre/TAHAKOM/ActionRecognition/data_v2/Train/IDs/user_id_42711/Rearview/Sunglasses/Rear_view_user_id_42711_7__01_51__02_15_Class_0_Sunglasses.mp4,0
/mnt/lustre/TAHAKOM/ActionRecognition/data_v2/Train/IDs/user_id_42711/Rearview/Sunglasses/Rear_view_user_id_42711_7__02_30__02_36_Class_7_Sunglasses.mp4,7
/mnt/lustre/TAHAKOM/ActionRecognition/data_v2/Train/IDs/user_id_42711/Rearview/Sunglasses/Rear_view_user_id_42711_7__02_50__02_57_Class_14_Sunglasses.mp4,14
/mnt/lustre/TAHAKOM/ActionRecognition/data_v2/Train/IDs/user_id_42711/Rearview/Sunglasses/Rear_view_user_id_42711_7__03_34__03_44_Class_2_Sunglasses.mp4,2
/mnt/lustre/TAHAKOM/ActionRecognition/data_v2/Train/IDs/user_id_42711/Rearview/Sunglasses/Rear_view_user_id_42711_7__03_55__03_58_Class_13_Sunglasses.mp4,13
/mnt/lustre/TAHAKOM/ActionRecognition/data_v2/Train/IDs/user_id_42711/Rearview/Sunglasses/Rear_view_user_id_42711_7__04_30__04_49_Class_15_Sunglasses.mp4,15
/mnt/lustre/TAHAKOM/ActionRecognition/data_v2/Train/IDs/user_id_42711/Rearview/Sunglasses/Rear_view_user_id_42711_7__05_04__05_07_Class_9_Sunglasses.mp4,9
/mnt/lustre/TAHAKOM/ActionRecognition/data_v2/Train/IDs/user_id_42711/Rearview/Sunglasses/Rear_view_user_id_42711_7__05_25__05_30_Class_4_Sunglasses.mp4,4
/mnt/lustre/TAHAKOM/ActionRecognition/data_v2/Train/IDs/user_id_42711/Rearview/Sunglasses/Rear_view_user_id_42711_7__05_57__06_13_Class_6_Sunglasses.mp4,6
/mnt/lustre/TAHAKOM/ActionRecognition/data_v2/Train/IDs/user_id_42711/Rearview/Sunglasses/Rear_view_user_id_42711_7__06_34__06_54_Class_12_Sunglasses.mp4,12
/mnt/lustre/TAHAKOM/ActionRecognition/data_v2/Train/IDs/user_id_42711/Rearview/Sunglasses/Rear_view_user_id_42711_7__07_16__07_40_Class_11_Sunglasses.mp4,11
/mnt/lustre/TAHAKOM/ActionRecognition/data_v2/Train/IDs/user_id_42711/Rearview/Sunglasses/Rear_view_user_id_42711_7__07_53__07_58_Class_10_Sunglasses.mp4,10
/mnt/lustre/TAHAKOM/ActionRecognition/data_v2/Train/IDs/user_id_42711/Rearview/Sunglasses/Rear_view_user_id_42711_7__08_16__08_29_Class_8_Sunglasses.mp4,8
/mnt/lustre/TAHAKOM/ActionRecognition/data_v2/Train/IDs/user_id_46856/Rearview/None/Rear_view_user_id_46856_5_00_10_00_29_Class_6_None.mp4,6
/mnt/lustre/TAHAKOM/ActionRecognition/data_v2/Train/IDs/user_id_46856/Rearview/None/Rear_view_user_id_46856_5_00_41_01_06_Class_2_None.mp4,2
/mnt/lustre/TAHAKOM/ActionRecognition/data_v2/Train/IDs/user_id_46856/Rearview/None/Rear_view_user_id_46856_5_01_19_01_23_Class_1_None.mp4,1
/mnt/lustre/TAHAKOM/ActionRecognition/data_v2/Train/IDs/user_id_46856/Rearview/None/Rear_view_user_id_46856_5_01_54_01_57_Class_9_None.mp4,9
/mnt/lustre/TAHAKOM/ActionRecognition/data_v2/Train/IDs/user_id_46856/Rearview/None/Rear_view_user_id_46856_5_02_16_02_35_Class_3_None.mp4,3
/mnt/lustre/TAHAKOM/ActionRecognition/data_v2/Train/IDs/user_id_46856/Rearview/None/Rear_view_user_id_46856_5_02_51_02_56_Class_8_None.mp4,8
/mnt/lustre/TAHAKOM/ActionRecognition/data_v2/Train/IDs/user_id_46856/Rearview/None/Rear_view_user_id_46856_5_03_27_03_30_Class_7_None.mp4,7
/mnt/lustre/TAHAKOM/ActionRecognition/data_v2/Train/IDs/user_id_46856/Rearview/None/Rear_view_user_id_46856_5_03_51_04_14_Class_0_None.mp4,0
/mnt/lustre/TAHAKOM/ActionRecognition/data_v2/Train/IDs/user_id_46856/Rearview/None/Rear_view_user_id_46856_5_04_25_04_28_Class_13_None.mp4,13
/mnt/lustre/TAHAKOM/ActionRecognition/data_v2/Train/IDs/user_id_46856/Rearview/None/Rear_view_user_id_46856_5_04_57_05_18_Class_12_None.mp4,12
/mnt/lustre/TAHAKOM/ActionRecognition/data_v2/Train/IDs/user_id_46856/Rearview/None/Rear_view_user_id_46856_5_05_34_05_52_Class_5_None.mp4,5
/mnt/lustre/TAHAKOM/ActionRecognition/data_v2/Train/IDs/user_id_46856/Rearview/None/Rear_view_user_id_46856_5_06_16_06_32_Class_11_None.mp4,11
/mnt/lustre/TAHAKOM/ActionRecognition/data_v2/Train/IDs/user_id_46856/Rearview/None/Rear_view_user_id_46856_5_06_44_07_00_Class_14_None.mp4,14
/mnt/lustre/TAHAKOM/ActionRecognition/data_v2/Train/IDs/user_id_46856/Rearview/None/Rear_view_user_id_46856_5_07_14_07_18_Class_10_None.mp4,10
/mnt/lustre/TAHAKOM/ActionRecognition/data_v2/Train/IDs/user_id_46856/Rearview/None/Rear_view_user_id_46856_5_07_34_07_49_Class_15_None.mp4,15
/mnt/lustre/TAHAKOM/ActionRecognition/data_v2/Train/IDs/user_id_46856/Rearview/None/Rear_view_user_id_46856_5_08_03_08_15_Class_4_None.mp4,4
/mnt/lustre/TAHAKOM/ActionRecognition/data_v2/Train/IDs/user_id_46856/Rearview/Sunglasses/Rear_view_user_id_46856_7_00_10_00_27_Class_6_Sunglasses.mp4,6
/mnt/lustre/TAHAKOM/ActionRecognition/data_v2/Train/IDs/user_id_46856/Rearview/Sunglasses/Rear_view_user_id_46856_7_00_40_01_04_Class_2_Sunglasses.mp4,2
/mnt/lustre/TAHAKOM/ActionRecognition/data_v2/Train/IDs/user_id_46856/Rearview/Sunglasses/Rear_view_user_id_46856_7_01_18_01_26_Class_1_Sunglasses.mp4,1
/mnt/lustre/TAHAKOM/ActionRecognition/data_v2/Train/IDs/user_id_46856/Rearview/Sunglasses/Rear_view_user_id_46856_7_01_54_01_57_Class_9_Sunglasses.mp4,9
/mnt/lustre/TAHAKOM/ActionRecognition/data_v2/Train/IDs/user_id_46856/Rearview/Sunglasses/Rear_view_user_id_46856_7_02_16_02_34_Class_3_Sunglasses.mp4,3
/mnt/lustre/TAHAKOM/ActionRecognition/data_v2/Train/IDs/user_id_46856/Rearview/Sunglasses/Rear_view_user_id_46856_7_02_50_02_56_Class_8_Sunglasses.mp4,8
/mnt/lustre/TAHAKOM/ActionRecognition/data_v2/Train/IDs/user_id_46856/Rearview/Sunglasses/Rear_view_user_id_46856_7_03_26_03_29_Class_7_Sunglasses.mp4,7
/mnt/lustre/TAHAKOM/ActionRecognition/data_v2/Train/IDs/user_id_46856/Rearview/Sunglasses/Rear_view_user_id_46856_7_03_49_04_10_Class_0_Sunglasses.mp4,0
/mnt/lustre/TAHAKOM/ActionRecognition/data_v2/Train/IDs/user_id_46856/Rearview/Sunglasses/Rear_view_user_id_46856_7_04_24_04_29_Class_13_Sunglasses.mp4,13
/mnt/lustre/TAHAKOM/ActionRecognition/data_v2/Train/IDs/user_id_46856/Rearview/Sunglasses/Rear_view_user_id_46856_7_04_56_05_13_Class_12_Sunglasses.mp4,12
/mnt/lustre/TAHAKOM/ActionRecognition/data_v2/Train/IDs/user_id_46856/Rearview/Sunglasses/Rear_view_user_id_46856_7_05_32_05_51_Class_5_Sunglasses.mp4,5
/mnt/lustre/TAHAKOM/ActionRecognition/data_v2/Train/IDs/user_id_46856/Rearview/Sunglasses/Rear_view_user_id_46856_7_06_14_06_31_Class_11_Sunglasses.mp4,11
/mnt/lustre/TAHAKOM/ActionRecognition/data_v2/Train/IDs/user_id_46856/Rearview/Sunglasses/Rear_view_user_id_46856_7_06_43_07_00_Class_14_Sunglasses.mp4,14
/mnt/lustre/TAHAKOM/ActionRecognition/data_v2/Train/IDs/user_id_46856/Rearview/Sunglasses/Rear_view_user_id_46856_7_07_14_07_18_Class_10_Sunglasses.mp4,10
/mnt/lustre/TAHAKOM/ActionRecognition/data_v2/Train/IDs/user_id_46856/Rearview/Sunglasses/Rear_view_user_id_46856_7_07_32_07_48_Class_15_Sunglasses.mp4,15
/mnt/lustre/TAHAKOM/ActionRecognition/data_v2/Train/IDs/user_id_46856/Rearview/Sunglasses/Rear_view_user_id_46856_7_08_02_08_17_Class_4_Sunglasses.mp4,4
/mnt/lustre/TAHAKOM/ActionRecognition/data_v2/Train/IDs/user_id_47457/Rearview/None/Rear_view_user_id_47457_5_00_08_00_12_Class_10_None.mp4,10
/mnt/lustre/TAHAKOM/ActionRecognition/data_v2/Train/IDs/user_id_47457/Rearview/None/Rear_view_user_id_47457_5_00_32_00_35_Class_7_None.mp4,7
/mnt/lustre/TAHAKOM/ActionRecognition/data_v2/Train/IDs/user_id_47457/Rearview/None/Rear_view_user_id_47457_5_01_06_01_28_Class_11_None.mp4,11
/mnt/lustre/TAHAKOM/ActionRecognition/data_v2/Train/IDs/user_id_47457/Rearview/None/Rear_view_user_id_47457_5_01_42_01_45_Class_1_None.mp4,1
/mnt/lustre/TAHAKOM/ActionRecognition/data_v2/Train/IDs/user_id_47457/Rearview/None/Rear_view_user_id_47457_5_02_15_02_26_Class_8_None.mp4,8
/mnt/lustre/TAHAKOM/ActionRecognition/data_v2/Train/IDs/user_id_47457/Rearview/None/Rear_view_user_id_47457_5_02_50_03_04_Class_14_None.mp4,14
/mnt/lustre/TAHAKOM/ActionRecognition/data_v2/Train/IDs/user_id_47457/Rearview/None/Rear_view_user_id_47457_5_03_22_03_44_Class_3_None.mp4,3
/mnt/lustre/TAHAKOM/ActionRecognition/data_v2/Train/IDs/user_id_47457/Rearview/None/Rear_view_user_id_47457_5_03_57_04_14_Class_6_None.mp4,6
/mnt/lustre/TAHAKOM/ActionRecognition/data_v2/Train/IDs/user_id_47457/Rearview/None/Rear_view_user_id_47457_5_04_27_04_45_Class_5_None.mp4,5
/mnt/lustre/TAHAKOM/ActionRecognition/data_v2/Train/IDs/user_id_47457/Rearview/None/Rear_view_user_id_47457_5_04_56_04_59_Class_13_None.mp4,13
/mnt/lustre/TAHAKOM/ActionRecognition/data_v2/Train/IDs/user_id_47457/Rearview/None/Rear_view_user_id_47457_5_05_30_05_49_Class_12_None.mp4,12
/mnt/lustre/TAHAKOM/ActionRecognition/data_v2/Train/IDs/user_id_47457/Rearview/None/Rear_view_user_id_47457_5_06_03_06_14_Class_4_None.mp4,4
/mnt/lustre/TAHAKOM/ActionRecognition/data_v2/Train/IDs/user_id_47457/Rearview/None/Rear_view_user_id_47457_5_06_30_06_51_Class_0_None.mp4,0
/mnt/lustre/TAHAKOM/ActionRecognition/data_v2/Train/IDs/user_id_47457/Rearview/None/Rear_view_user_id_47457_5_07_08_07_24_Class_2_None.mp4,2
/mnt/lustre/TAHAKOM/ActionRecognition/data_v2/Train/IDs/user_id_47457/Rearview/None/Rear_view_user_id_47457_5_07_38_07_52_Class_15_None.mp4,15
/mnt/lustre/TAHAKOM/ActionRecognition/data_v2/Train/IDs/user_id_47457/Rearview/None/Rear_view_user_id_47457_5_08_08_08_11_Class_9_None.mp4,9
/mnt/lustre/TAHAKOM/ActionRecognition/data_v2/Train/IDs/user_id_47457/Rearview/Hat/Rear_view_user_id_47457_7_00_09_00_12_Class_10_Hat.mp4,10
/mnt/lustre/TAHAKOM/ActionRecognition/data_v2/Train/IDs/user_id_47457/Rearview/Hat/Rear_view_user_id_47457_7_00_33_00_36_Class_7_Hat.mp4,7
/mnt/lustre/TAHAKOM/ActionRecognition/data_v2/Train/IDs/user_id_47457/Rearview/Hat/Rear_view_user_id_47457_7_01_07_01_20_Class_12_Hat.mp4,12
/mnt/lustre/TAHAKOM/ActionRecognition/data_v2/Train/IDs/user_id_47457/Rearview/Hat/Rear_view_user_id_47457_7_01_45_01_49_Class_1_Hat.mp4,1
/mnt/lustre/TAHAKOM/ActionRecognition/data_v2/Train/IDs/user_id_47457/Rearview/Hat/Rear_view_user_id_47457_7_02_16_02_28_Class_8_Hat.mp4,8
/mnt/lustre/TAHAKOM/ActionRecognition/data_v2/Train/IDs/user_id_47457/Rearview/Hat/Rear_view_user_id_47457_7_02_53_03_07_Class_14_Hat.mp4,14
/mnt/lustre/TAHAKOM/ActionRecognition/data_v2/Train/IDs/user_id_47457/Rearview/Hat/Rear_view_user_id_47457_7_03_22_03_42_Class_3_Hat.mp4,3
/mnt/lustre/TAHAKOM/ActionRecognition/data_v2/Train/IDs/user_id_47457/Rearview/Hat/Rear_view_user_id_47457_7_03_57_04_13_Class_6_Hat.mp4,6
/mnt/lustre/TAHAKOM/ActionRecognition/data_v2/Train/IDs/user_id_47457/Rearview/Hat/Rear_view_user_id_47457_7_04_28_04_39_Class_5_Hat.mp4,5
/mnt/lustre/TAHAKOM/ActionRecognition/data_v2/Train/IDs/user_id_47457/Rearview/Hat/Rear_view_user_id_47457_7_04_59_05_03_Class_13_Hat.mp4,13
/mnt/lustre/TAHAKOM/ActionRecognition/data_v2/Train/IDs/user_id_47457/Rearview/Hat/Rear_view_user_id_47457_7_05_30_05_46_Class_11_Hat.mp4,11
/mnt/lustre/TAHAKOM/ActionRecognition/data_v2/Train/IDs/user_id_47457/Rearview/Hat/Rear_view_user_id_47457_7_06_04_06_13_Class_4_Hat.mp4,4
/mnt/lustre/TAHAKOM/ActionRecognition/data_v2/Train/IDs/user_id_47457/Rearview/Hat/Rear_view_user_id_47457_7_06_31_06_52_Class_0_Hat.mp4,0
/mnt/lustre/TAHAKOM/ActionRecognition/data_v2/Train/IDs/user_id_47457/Rearview/Hat/Rear_view_user_id_47457_7_07_05_07_24_Class_2_Hat.mp4,2
/mnt/lustre/TAHAKOM/ActionRecognition/data_v2/Train/IDs/user_id_47457/Rearview/Hat/Rear_view_user_id_47457_7_07_38_07_54_Class_15_Hat.mp4,15
/mnt/lustre/TAHAKOM/ActionRecognition/data_v2/Train/IDs/user_id_47457/Rearview/Hat/Rear_view_user_id_47457_7_08_07_08_10_Class_9_Hat.mp4,9
/mnt/lustre/TAHAKOM/ActionRecognition/data_v2/Train/IDs/user_id_57207/Rearview/None/Rear_view_user_id_57207_1_00_09_00_28_Class_12_None.mp4,12
/mnt/lustre/TAHAKOM/ActionRecognition/data_v2/Train/IDs/user_id_57207/Rearview/None/Rear_view_user_id_57207_1_00_42_00_57_Class_5_None.mp4,5
/mnt/lustre/TAHAKOM/ActionRecognition/data_v2/Train/IDs/user_id_57207/Rearview/None/Rear_view_user_id_57207_1_01_12_01_22_Class_7_None.mp4,7
/mnt/lustre/TAHAKOM/ActionRecognition/data_v2/Train/IDs/user_id_57207/Rearview/None/Rear_view_user_id_57207_1_01_38_01_56_Class_0_None.mp4,0
/mnt/lustre/TAHAKOM/ActionRecognition/data_v2/Train/IDs/user_id_57207/Rearview/None/Rear_view_user_id_57207_1_02_10_02_20_Class_9_None.mp4,9
/mnt/lustre/TAHAKOM/ActionRecognition/data_v2/Train/IDs/user_id_57207/Rearview/None/Rear_view_user_id_57207_1_02_34_02_51_Class_2_None.mp4,2
/mnt/lustre/TAHAKOM/ActionRecognition/data_v2/Train/IDs/user_id_57207/Rearview/None/Rear_view_user_id_57207_1_03_05_03_13_Class_10_None.mp4,10
/mnt/lustre/TAHAKOM/ActionRecognition/data_v2/Train/IDs/user_id_57207/Rearview/None/Rear_view_user_id_57207_1_03_25_03_38_Class_4_None.mp4,4
/mnt/lustre/TAHAKOM/ActionRecognition/data_v2/Train/IDs/user_id_57207/Rearview/None/Rear_view_user_id_57207_1_03_54_04_08_Class_6_None.mp4,6
/mnt/lustre/TAHAKOM/ActionRecognition/data_v2/Train/IDs/user_id_57207/Rearview/None/Rear_view_user_id_57207_1_04_33_04_57_Class_11_None.mp4,11
/mnt/lustre/TAHAKOM/ActionRecognition/data_v2/Train/IDs/user_id_57207/Rearview/None/Rear_view_user_id_57207_1_05_09_05_17_Class_13_None.mp4,13
/mnt/lustre/TAHAKOM/ActionRecognition/data_v2/Train/IDs/user_id_57207/Rearview/None/Rear_view_user_id_57207_1_05_20_05_30_Class_13_None.mp4,13
/mnt/lustre/TAHAKOM/ActionRecognition/data_v2/Train/IDs/user_id_57207/Rearview/None/Rear_view_user_id_57207_1_05_46_06_00_Class_8_None.mp4,8
/mnt/lustre/TAHAKOM/ActionRecognition/data_v2/Train/IDs/user_id_57207/Rearview/None/Rear_view_user_id_57207_1_06_24_06_36_Class_1_None.mp4,1
/mnt/lustre/TAHAKOM/ActionRecognition/data_v2/Train/IDs/user_id_57207/Rearview/None/Rear_view_user_id_57207_1_06_51_07_10_Class_15_None.mp4,15
/mnt/lustre/TAHAKOM/ActionRecognition/data_v2/Train/IDs/user_id_57207/Rearview/None/Rear_view_user_id_57207_1_07_24_07_46_Class_14_None.mp4,14
/mnt/lustre/TAHAKOM/ActionRecognition/data_v2/Train/IDs/user_id_57207/Rearview/None/Rear_view_user_id_57207_1_08_01_08_18_Class_3_None.mp4,3
/mnt/lustre/TAHAKOM/ActionRecognition/data_v2/Train/IDs/user_id_57207/Rearview/Hat/Rear_view_user_id_57207_3_00_08_00_28_Class_12_Hat.mp4,12
/mnt/lustre/TAHAKOM/ActionRecognition/data_v2/Train/IDs/user_id_57207/Rearview/Hat/Rear_view_user_id_57207_3_00_42_00_58_Class_5_Hat.mp4,5
/mnt/lustre/TAHAKOM/ActionRecognition/data_v2/Train/IDs/user_id_57207/Rearview/Hat/Rear_view_user_id_57207_3_01_12_01_23_Class_7_Hat.mp4,7
/mnt/lustre/TAHAKOM/ActionRecognition/data_v2/Train/IDs/user_id_57207/Rearview/Hat/Rear_view_user_id_57207_3_01_38_01_56_Class_0_Hat.mp4,0
/mnt/lustre/TAHAKOM/ActionRecognition/data_v2/Train/IDs/user_id_57207/Rearview/Hat/Rear_view_user_id_57207_3_02_11_02_23_Class_9_Hat.mp4,9
/mnt/lustre/TAHAKOM/ActionRecognition/data_v2/Train/IDs/user_id_57207/Rearview/Hat/Rear_view_user_id_57207_3_02_34_02_52_Class_2_Hat.mp4,2
/mnt/lustre/TAHAKOM/ActionRecognition/data_v2/Train/IDs/user_id_57207/Rearview/Hat/Rear_view_user_id_57207_3_03_05_03_13_Class_10_Hat.mp4,10
/mnt/lustre/TAHAKOM/ActionRecognition/data_v2/Train/IDs/user_id_57207/Rearview/Hat/Rear_view_user_id_57207_3_03_27_03_42_Class_4_Hat.mp4,4
/mnt/lustre/TAHAKOM/ActionRecognition/data_v2/Train/IDs/user_id_57207/Rearview/Hat/Rear_view_user_id_57207_3_03_50_04_10_Class_6_Hat.mp4,6
/mnt/lustre/TAHAKOM/ActionRecognition/data_v2/Train/IDs/user_id_57207/Rearview/Hat/Rear_view_user_id_57207_3_04_33_04_57_Class_11_Hat.mp4,11
/mnt/lustre/TAHAKOM/ActionRecognition/data_v2/Train/IDs/user_id_57207/Rearview/Hat/Rear_view_user_id_57207_3_05_09_05_16_Class_13_Hat.mp4,13
/mnt/lustre/TAHAKOM/ActionRecognition/data_v2/Train/IDs/user_id_57207/Rearview/Hat/Rear_view_user_id_57207_3_05_18_05_24_Class_13_Hat.mp4,13
/mnt/lustre/TAHAKOM/ActionRecognition/data_v2/Train/IDs/user_id_57207/Rearview/Hat/Rear_view_user_id_57207_3_05_45_06_07_Class_8_Hat.mp4,8
/mnt/lustre/TAHAKOM/ActionRecognition/data_v2/Train/IDs/user_id_57207/Rearview/Hat/Rear_view_user_id_57207_3_06_21_06_24_Class_1_Hat.mp4,1
/mnt/lustre/TAHAKOM/ActionRecognition/data_v2/Train/IDs/user_id_57207/Rearview/Hat/Rear_view_user_id_57207_3_06_25_06_28_Class_1_Hat.mp4,1
/mnt/lustre/TAHAKOM/ActionRecognition/data_v2/Train/IDs/user_id_57207/Rearview/Hat/Rear_view_user_id_57207_3_06_33_06_36_Class_1_Hat.mp4,1
/mnt/lustre/TAHAKOM/ActionRecognition/data_v2/Train/IDs/user_id_57207/Rearview/Hat/Rear_view_user_id_57207_3_06_51_07_10_Class_15_Hat.mp4,15
/mnt/lustre/TAHAKOM/ActionRecognition/data_v2/Train/IDs/user_id_57207/Rearview/Hat/Rear_view_user_id_57207_3_07_23_07_47_Class_14_Hat.mp4,14
/mnt/lustre/TAHAKOM/ActionRecognition/data_v2/Train/IDs/user_id_57207/Rearview/Hat/Rear_view_user_id_57207_3_08_00_08_18_Class_3_Hat.mp4,3
/mnt/lustre/TAHAKOM/ActionRecognition/data_v2/Train/IDs/user_id_59581/Rearview/None/Rear_view_user_id_59581_5_00_00_00_33_Class_0_None.mp4,0
/mnt/lustre/TAHAKOM/ActionRecognition/data_v2/Train/IDs/user_id_59581/Rearview/None/Rear_view_user_id_59581_5_00_39_00_58_Class_15_None.mp4,15
/mnt/lustre/TAHAKOM/ActionRecognition/data_v2/Train/IDs/user_id_59581/Rearview/None/Rear_view_user_id_59581_5_01_21_01_31_Class_3_None.mp4,3
/mnt/lustre/TAHAKOM/ActionRecognition/data_v2/Train/IDs/user_id_59581/Rearview/None/Rear_view_user_id_59581_5_01_47_02_03_Class_2_None.mp4,2
/mnt/lustre/TAHAKOM/ActionRecognition/data_v2/Train/IDs/user_id_59581/Rearview/None/Rear_view_user_id_59581_5_02_19_02_23_Class_9_None.mp4,9
/mnt/lustre/TAHAKOM/ActionRecognition/data_v2/Train/IDs/user_id_59581/Rearview/None/Rear_view_user_id_59581_5_02_43_02_48_Class_10_None.mp4,10
/mnt/lustre/TAHAKOM/ActionRecognition/data_v2/Train/IDs/user_id_59581/Rearview/None/Rear_view_user_id_59581_5_03_05_03_14_Class_13_None.mp4,13
/mnt/lustre/TAHAKOM/ActionRecognition/data_v2/Train/IDs/user_id_59581/Rearview/None/Rear_view_user_id_59581_5_03_38_03_46_Class_7_None.mp4,7
/mnt/lustre/TAHAKOM/ActionRecognition/data_v2/Train/IDs/user_id_59581/Rearview/None/Rear_view_user_id_59581_5_04_00_04_12_Class_8_None.mp4,8
/mnt/lustre/TAHAKOM/ActionRecognition/data_v2/Train/IDs/user_id_59581/Rearview/None/Rear_view_user_id_59581_5_04_33_04_44_Class_1_None.mp4,1
/mnt/lustre/TAHAKOM/ActionRecognition/data_v2/Train/IDs/user_id_59581/Rearview/None/Rear_view_user_id_59581_5_05_25_05_34_Class_11_None.mp4,11
/mnt/lustre/TAHAKOM/ActionRecognition/data_v2/Train/IDs/user_id_59581/Rearview/None/Rear_view_user_id_59581_5_06_20_06_37_Class_14_None.mp4,14
/mnt/lustre/TAHAKOM/ActionRecognition/data_v2/Train/IDs/user_id_59581/Rearview/None/Rear_view_user_id_59581_5_06_53_07_10_Class_6_None.mp4,6
/mnt/lustre/TAHAKOM/ActionRecognition/data_v2/Train/IDs/user_id_59581/Rearview/None/Rear_view_user_id_59581_5_07_38_07_43_Class_12_None.mp4,12
/mnt/lustre/TAHAKOM/ActionRecognition/data_v2/Train/IDs/user_id_59581/Rearview/None/Rear_view_user_id_59581_5_08_00_08_15_Class_5_None.mp4,5
/mnt/lustre/TAHAKOM/ActionRecognition/data_v2/Train/IDs/user_id_59581/Rearview/Hat/Rear_view_user_id_59581_7_00_37_00_58_Class_15_Hat.mp4,15
/mnt/lustre/TAHAKOM/ActionRecognition/data_v2/Train/IDs/user_id_59581/Rearview/Hat/Rear_view_user_id_59581_7_01_23_01_31_Class_3_Hat.mp4,3
/mnt/lustre/TAHAKOM/ActionRecognition/data_v2/Train/IDs/user_id_59581/Rearview/Hat/Rear_view_user_id_59581_7_01_50_02_04_Class_2_Hat.mp4,2
/mnt/lustre/TAHAKOM/ActionRecognition/data_v2/Train/IDs/user_id_59581/Rearview/Hat/Rear_view_user_id_59581_7_02_35_02_40_Class_0_Hat.mp4,0
/mnt/lustre/TAHAKOM/ActionRecognition/data_v2/Train/IDs/user_id_59581/Rearview/Hat/Rear_view_user_id_59581_7_02_43_02_50_Class_10_Hat.mp4,10
/mnt/lustre/TAHAKOM/ActionRecognition/data_v2/Train/IDs/user_id_59581/Rearview/Hat/Rear_view_user_id_59581_7_03_10_03_13_Class_13_Hat.mp4,13
/mnt/lustre/TAHAKOM/ActionRecognition/data_v2/Train/IDs/user_id_59581/Rearview/Hat/Rear_view_user_id_59581_7_03_37_03_42_Class_7_Hat.mp4,7
/mnt/lustre/TAHAKOM/ActionRecognition/data_v2/Train/IDs/user_id_59581/Rearview/Hat/Rear_view_user_id_59581_7_04_00_04_11_Class_8_Hat.mp4,8
/mnt/lustre/TAHAKOM/ActionRecognition/data_v2/Train/IDs/user_id_59581/Rearview/Hat/Rear_view_user_id_59581_7_04_33_04_44_Class_1_Hat.mp4,1
/mnt/lustre/TAHAKOM/ActionRecognition/data_v2/Train/IDs/user_id_59581/Rearview/Hat/Rear_view_user_id_59581_7_05_00_05_05_Class_0_Hat.mp4,0
/mnt/lustre/TAHAKOM/ActionRecognition/data_v2/Train/IDs/user_id_59581/Rearview/Hat/Rear_view_user_id_59581_7_05_17_05_34_Class_11_Hat.mp4,11
/mnt/lustre/TAHAKOM/ActionRecognition/data_v2/Train/IDs/user_id_59581/Rearview/Hat/Rear_view_user_id_59581_7_05_51_06_19_Class_4_Hat.mp4,4
/mnt/lustre/TAHAKOM/ActionRecognition/data_v2/Train/IDs/user_id_59581/Rearview/Hat/Rear_view_user_id_59581_7_06_20_06_36_Class_14_Hat.mp4,14
/mnt/lustre/TAHAKOM/ActionRecognition/data_v2/Train/IDs/user_id_59581/Rearview/Hat/Rear_view_user_id_59581_7_06_52_07_11_Class_6_Hat.mp4,6
/mnt/lustre/TAHAKOM/ActionRecognition/data_v2/Train/IDs/user_id_59581/Rearview/Hat/Rear_view_user_id_59581_7_07_33_07_43_Class_12_Hat.mp4,12
/mnt/lustre/TAHAKOM/ActionRecognition/data_v2/Train/IDs/user_id_59581/Rearview/Hat/Rear_view_user_id_59581_7_07_57_08_16_Class_5_Hat.mp4,5
/mnt/lustre/TAHAKOM/ActionRecognition/data_v2/Train/IDs/user_id_60167/Rearview/None/Rear_view_user_id_60167_5_00_09_00_23_Class_11_None.mp4,11
/mnt/lustre/TAHAKOM/ActionRecognition/data_v2/Train/IDs/user_id_60167/Rearview/None/Rear_view_user_id_60167_5_00_41_01_00_Class_2_None.mp4,2
/mnt/lustre/TAHAKOM/ActionRecognition/data_v2/Train/IDs/user_id_60167/Rearview/None/Rear_view_user_id_60167_5_01_13_01_25_Class_10_None.mp4,10
/mnt/lustre/TAHAKOM/ActionRecognition/data_v2/Train/IDs/user_id_60167/Rearview/None/Rear_view_user_id_60167_5_01_38_01_46_Class_9_None.mp4,9
/mnt/lustre/TAHAKOM/ActionRecognition/data_v2/Train/IDs/user_id_60167/Rearview/None/Rear_view_user_id_60167_5_02_04_02_20_Class_3_None.mp4,3
/mnt/lustre/TAHAKOM/ActionRecognition/data_v2/Train/IDs/user_id_60167/Rearview/None/Rear_view_user_id_60167_5_02_35_02_42_Class_7_None.mp4,7
/mnt/lustre/TAHAKOM/ActionRecognition/data_v2/Train/IDs/user_id_60167/Rearview/None/Rear_view_user_id_60167_5_02_59_03_02_Class_1_None.mp4,1
/mnt/lustre/TAHAKOM/ActionRecognition/data_v2/Train/IDs/user_id_60167/Rearview/None/Rear_view_user_id_60167_5_03_29_03_35_Class_13_None.mp4,13
/mnt/lustre/TAHAKOM/ActionRecognition/data_v2/Train/IDs/user_id_60167/Rearview/None/Rear_view_user_id_60167_5_04_05_04_20_Class_15_None.mp4,15
/mnt/lustre/TAHAKOM/ActionRecognition/data_v2/Train/IDs/user_id_60167/Rearview/None/Rear_view_user_id_60167_5_05_15_05_25_Class_5_None.mp4,5
/mnt/lustre/TAHAKOM/ActionRecognition/data_v2/Train/IDs/user_id_60167/Rearview/None/Rear_view_user_id_60167_5_05_48_05_54_Class_12_None.mp4,12
/mnt/lustre/TAHAKOM/ActionRecognition/data_v2/Train/IDs/user_id_60167/Rearview/None/Rear_view_user_id_60167_5_06_20_06_23_Class_4_None.mp4,4
/mnt/lustre/TAHAKOM/ActionRecognition/data_v2/Train/IDs/user_id_60167/Rearview/None/Rear_view_user_id_60167_5_06_42_06_57_Class_14_None.mp4,14
/mnt/lustre/TAHAKOM/ActionRecognition/data_v2/Train/IDs/user_id_60167/Rearview/None/Rear_view_user_id_60167_5_07_16_07_28_Class_6_None.mp4,6
/mnt/lustre/TAHAKOM/ActionRecognition/data_v2/Train/IDs/user_id_60167/Rearview/None/Rear_view_user_id_60167_5_07_54_08_01_Class_8_None.mp4,8
/mnt/lustre/TAHAKOM/ActionRecognition/data_v2/Train/IDs/user_id_60167/Rearview/None/Rear_view_user_id_60167_5_08_01_08_14_Class_0_None.mp4,0
/mnt/lustre/TAHAKOM/ActionRecognition/data_v2/Train/IDs/user_id_60167/Rearview/Sunglasses/Rear_view_user_id_60167_7_00_08_00_15_Class_11_Sunglasses.mp4,11
/mnt/lustre/TAHAKOM/ActionRecognition/data_v2/Train/IDs/user_id_60167/Rearview/Sunglasses/Rear_view_user_id_60167_7_00_38_00_50_Class_2_Sunglasses.mp4,2
/mnt/lustre/TAHAKOM/ActionRecognition/data_v2/Train/IDs/user_id_60167/Rearview/Sunglasses/Rear_view_user_id_60167_7_01_13_01_17_Class_10_Sunglasses.mp4,10
/mnt/lustre/TAHAKOM/ActionRecognition/data_v2/Train/IDs/user_id_60167/Rearview/Sunglasses/Rear_view_user_id_60167_7_01_37_01_42_Class_9_Sunglasses.mp4,9
/mnt/lustre/TAHAKOM/ActionRecognition/data_v2/Train/IDs/user_id_60167/Rearview/Sunglasses/Rear_view_user_id_60167_7_02_01_02_18_Class_3_Sunglasses.mp4,3
/mnt/lustre/TAHAKOM/ActionRecognition/data_v2/Train/IDs/user_id_60167/Rearview/Sunglasses/Rear_view_user_id_60167_7_02_33_02_39_Class_7_Sunglasses.mp4,7
/mnt/lustre/TAHAKOM/ActionRecognition/data_v2/Train/IDs/user_id_60167/Rearview/Sunglasses/Rear_view_user_id_60167_7_02_59_03_02_Class_1_Sunglasses.mp4,1
/mnt/lustre/TAHAKOM/ActionRecognition/data_v2/Train/IDs/user_id_60167/Rearview/Sunglasses/Rear_view_user_id_60167_7_03_28_03_32_Class_13_Sunglasses.mp4,13
/mnt/lustre/TAHAKOM/ActionRecognition/data_v2/Train/IDs/user_id_60167/Rearview/Sunglasses/Rear_view_user_id_60167_7_04_07_04_28_Class_15_Sunglasses.mp4,15
/mnt/lustre/TAHAKOM/ActionRecognition/data_v2/Train/IDs/user_id_60167/Rearview/Sunglasses/Rear_view_user_id_60167_7_05_14_05_23_Class_5_Sunglasses.mp4,5
/mnt/lustre/TAHAKOM/ActionRecognition/data_v2/Train/IDs/user_id_60167/Rearview/Sunglasses/Rear_view_user_id_60167_7_06_17_06_20_Class_4_Sunglasses.mp4,4
/mnt/lustre/TAHAKOM/ActionRecognition/data_v2/Train/IDs/user_id_60167/Rearview/Sunglasses/Rear_view_user_id_60167_7_06_42_07_02_Class_14_Sunglasses.mp4,14
/mnt/lustre/TAHAKOM/ActionRecognition/data_v2/Train/IDs/user_id_60167/Rearview/Sunglasses/Rear_view_user_id_60167_7_07_16_07_27_Class_6_Sunglasses.mp4,6
/mnt/lustre/TAHAKOM/ActionRecognition/data_v2/Train/IDs/user_id_60167/Rearview/Sunglasses/Rear_view_user_id_60167_7_07_54_07_58_Class_8_Sunglasses.mp4,8
/mnt/lustre/TAHAKOM/ActionRecognition/data_v2/Train/IDs/user_id_60167/Rearview/Sunglasses/Rear_view_user_id_60167_7_08_00_08_14_Class_0_Sunglasses.mp4,0
/mnt/lustre/TAHAKOM/ActionRecognition/data_v2/Train/IDs/user_id_63513/Rearview/None/Rear_view_user_id_63513_5_00_09_00_12_Class_4_None.mp4,4
/mnt/lustre/TAHAKOM/ActionRecognition/data_v2/Train/IDs/user_id_63513/Rearview/None/Rear_view_user_id_63513_5_00_41_00_46_Class_10_None.mp4,10
/mnt/lustre/TAHAKOM/ActionRecognition/data_v2/Train/IDs/user_id_63513/Rearview/None/Rear_view_user_id_63513_5_01_06_01_26_Class_15_None.mp4,15
/mnt/lustre/TAHAKOM/ActionRecognition/data_v2/Train/IDs/user_id_63513/Rearview/None/Rear_view_user_id_63513_5_01_49_01_59_Class_1_None.mp4,1
/mnt/lustre/TAHAKOM/ActionRecognition/data_v2/Train/IDs/user_id_63513/Rearview/None/Rear_view_user_id_63513_5_02_49_02_54_Class_7_None.mp4,7
/mnt/lustre/TAHAKOM/ActionRecognition/data_v2/Train/IDs/user_id_63513/Rearview/None/Rear_view_user_id_63513_5_03_08_03_13_Class_13_None.mp4,13
/mnt/lustre/TAHAKOM/ActionRecognition/data_v2/Train/IDs/user_id_63513/Rearview/None/Rear_view_user_id_63513_5_03_55_04_05_Class_11_None.mp4,11
/mnt/lustre/TAHAKOM/ActionRecognition/data_v2/Train/IDs/user_id_63513/Rearview/None/Rear_view_user_id_63513_5_04_23_04_26_Class_9_None.mp4,9
/mnt/lustre/TAHAKOM/ActionRecognition/data_v2/Train/IDs/user_id_63513/Rearview/None/Rear_view_user_id_63513_5_04_47_05_07_Class_0_None.mp4,0
/mnt/lustre/TAHAKOM/ActionRecognition/data_v2/Train/IDs/user_id_63513/Rearview/None/Rear_view_user_id_63513_5_05_53_06_06_Class_6_None.mp4,6
/mnt/lustre/TAHAKOM/ActionRecognition/data_v2/Train/IDs/user_id_63513/Rearview/None/Rear_view_user_id_63513_5_06_20_06_30_Class_5_None.mp4,5
/mnt/lustre/TAHAKOM/ActionRecognition/data_v2/Train/IDs/user_id_63513/Rearview/None/Rear_view_user_id_63513_5_06_53_07_03_Class_14_None.mp4,14
/mnt/lustre/TAHAKOM/ActionRecognition/data_v2/Train/IDs/user_id_63513/Rearview/None/Rear_view_user_id_63513_5_07_32_07_46_Class_12_None.mp4,12
/mnt/lustre/TAHAKOM/ActionRecognition/data_v2/Train/IDs/user_id_63513/Rearview/None/Rear_view_user_id_63513_5_08_10_08_15_Class_8_None.mp4,8
/mnt/lustre/TAHAKOM/ActionRecognition/data_v2/Train/IDs/user_id_63513/Rearview/None/Rear_view_user_id_63513_5_08_50_08_55_Class_3_None.mp4,3
/mnt/lustre/TAHAKOM/ActionRecognition/data_v2/Train/IDs/user_id_63513/Rearview/None/Rear_view_user_id_63513_5_09_06_09_13_Class_2_None.mp4,2
/mnt/lustre/TAHAKOM/ActionRecognition/data_v2/Train/IDs/user_id_63513/Rearview/Sunglasses/Rear_view_user_id_63513_7_00_12_00_15_Class_4_Sunglasses.mp4,4
/mnt/lustre/TAHAKOM/ActionRecognition/data_v2/Train/IDs/user_id_63513/Rearview/Sunglasses/Rear_view_user_id_63513_7_00_42_00_46_Class_10_Sunglasses.mp4,10
/mnt/lustre/TAHAKOM/ActionRecognition/data_v2/Train/IDs/user_id_63513/Rearview/Sunglasses/Rear_view_user_id_63513_7_01_06_01_26_Class_15_Sunglasses.mp4,15
/mnt/lustre/TAHAKOM/ActionRecognition/data_v2/Train/IDs/user_id_63513/Rearview/Sunglasses/Rear_view_user_id_63513_7_01_45_01_48_Class_1_Sunglasses.mp4,1
/mnt/lustre/TAHAKOM/ActionRecognition/data_v2/Train/IDs/user_id_63513/Rearview/Sunglasses/Rear_view_user_id_63513_7_02_18_02_27_Class_3_Sunglasses.mp4,3
/mnt/lustre/TAHAKOM/ActionRecognition/data_v2/Train/IDs/user_id_63513/Rearview/Sunglasses/Rear_view_user_id_63513_7_02_48_02_54_Class_7_Sunglasses.mp4,7
/mnt/lustre/TAHAKOM/ActionRecognition/data_v2/Train/IDs/user_id_63513/Rearview/Sunglasses/Rear_view_user_id_63513_7_03_09_03_14_Class_13_Sunglasses.mp4,13
/mnt/lustre/TAHAKOM/ActionRecognition/data_v2/Train/IDs/user_id_63513/Rearview/Sunglasses/Rear_view_user_id_63513_7_03_55_04_02_Class_11_Sunglasses.mp4,11
/mnt/lustre/TAHAKOM/ActionRecognition/data_v2/Train/IDs/user_id_63513/Rearview/Sunglasses/Rear_view_user_id_63513_7_04_22_04_25_Class_9_Sunglasses.mp4,9
/mnt/lustre/TAHAKOM/ActionRecognition/data_v2/Train/IDs/user_id_63513/Rearview/Sunglasses/Rear_view_user_id_63513_7_04_48_05_05_Class_0_Sunglasses.mp4,0
/mnt/lustre/TAHAKOM/ActionRecognition/data_v2/Train/IDs/user_id_63513/Rearview/Sunglasses/Rear_view_user_id_63513_7_05_25_05_34_Class_2_Sunglasses.mp4,2
/mnt/lustre/TAHAKOM/ActionRecognition/data_v2/Train/IDs/user_id_63513/Rearview/Sunglasses/Rear_view_user_id_63513_7_05_53_06_01_Class_6_Sunglasses.mp4,6
/mnt/lustre/TAHAKOM/ActionRecognition/data_v2/Train/IDs/user_id_63513/Rearview/Sunglasses/Rear_view_user_id_63513_7_06_20_06_26_Class_5_Sunglasses.mp4,5
/mnt/lustre/TAHAKOM/ActionRecognition/data_v2/Train/IDs/user_id_63513/Rearview/Sunglasses/Rear_view_user_id_63513_7_06_51_06_58_Class_14_Sunglasses.mp4,14
/mnt/lustre/TAHAKOM/ActionRecognition/data_v2/Train/IDs/user_id_63513/Rearview/Sunglasses/Rear_view_user_id_63513_7_07_32_07_41_Class_12_Sunglasses.mp4,12
/mnt/lustre/TAHAKOM/ActionRecognition/data_v2/Train/IDs/user_id_63513/Rearview/Sunglasses/Rear_view_user_id_63513_7_08_09_08_18_Class_8_Sunglasses.mp4,8
/mnt/lustre/TAHAKOM/ActionRecognition/data_v2/Train/IDs/user_id_63764/Rearview/None/Rear_view_user_id_63764_5_00_08_00_16_Class_13_None.mp4,13
/mnt/lustre/TAHAKOM/ActionRecognition/data_v2/Train/IDs/user_id_63764/Rearview/None/Rear_view_user_id_63764_5_00_24_00_28_Class_13_None.mp4,13
/mnt/lustre/TAHAKOM/ActionRecognition/data_v2/Train/IDs/user_id_63764/Rearview/None/Rear_view_user_id_63764_5_00_47_01_01_Class_5_None.mp4,5
/mnt/lustre/TAHAKOM/ActionRecognition/data_v2/Train/IDs/user_id_63764/Rearview/None/Rear_view_user_id_63764_5_01_15_01_31_Class_15_None.mp4,15
/mnt/lustre/TAHAKOM/ActionRecognition/data_v2/Train/IDs/user_id_63764/Rearview/None/Rear_view_user_id_63764_5_01_47_01_51_Class_3_None.mp4,3
/mnt/lustre/TAHAKOM/ActionRecognition/data_v2/Train/IDs/user_id_63764/Rearview/None/Rear_view_user_id_63764_5_01_58_02_01_Class_3_None.mp4,3
/mnt/lustre/TAHAKOM/ActionRecognition/data_v2/Train/IDs/user_id_63764/Rearview/None/Rear_view_user_id_63764_5_02_16_02_39_Class_6_None.mp4,6
/mnt/lustre/TAHAKOM/ActionRecognition/data_v2/Train/IDs/user_id_63764/Rearview/None/Rear_view_user_id_63764_5_02_55_03_10_Class_8_None.mp4,8
/mnt/lustre/TAHAKOM/ActionRecognition/data_v2/Train/IDs/user_id_63764/Rearview/None/Rear_view_user_id_63764_5_03_42_03_56_Class_11_None.mp4,11
/mnt/lustre/TAHAKOM/ActionRecognition/data_v2/Train/IDs/user_id_63764/Rearview/None/Rear_view_user_id_63764_5_04_11_04_26_Class_1_None.mp4,1
/mnt/lustre/TAHAKOM/ActionRecognition/data_v2/Train/IDs/user_id_63764/Rearview/None/Rear_view_user_id_63764_5_04_42_04_56_Class_12_None.mp4,12
/mnt/lustre/TAHAKOM/ActionRecognition/data_v2/Train/IDs/user_id_63764/Rearview/None/Rear_view_user_id_63764_5_05_09_05_31_Class_14_None.mp4,14
/mnt/lustre/TAHAKOM/ActionRecognition/data_v2/Train/IDs/user_id_63764/Rearview/None/Rear_view_user_id_63764_5_05_45_05_52_Class_9_None.mp4,9
/mnt/lustre/TAHAKOM/ActionRecognition/data_v2/Train/IDs/user_id_63764/Rearview/None/Rear_view_user_id_63764_5_06_08_06_14_Class_9_None.mp4,9
/mnt/lustre/TAHAKOM/ActionRecognition/data_v2/Train/IDs/user_id_63764/Rearview/None/Rear_view_user_id_63764_5_06_33_06_52_Class_0_None.mp4,0
/mnt/lustre/TAHAKOM/ActionRecognition/data_v2/Train/IDs/user_id_63764/Rearview/None/Rear_view_user_id_63764_5_07_10_07_17_Class_4_None.mp4,4
/mnt/lustre/TAHAKOM/ActionRecognition/data_v2/Train/IDs/user_id_63764/Rearview/None/Rear_view_user_id_63764_5_07_40_07_59_Class_2_None.mp4,2
/mnt/lustre/TAHAKOM/ActionRecognition/data_v2/Train/IDs/user_id_63764/Rearview/None/Rear_view_user_id_63764_5_08_14_08_21_Class_7_None.mp4,7
/mnt/lustre/TAHAKOM/ActionRecognition/data_v2/Train/IDs/user_id_63764/Rearview/Hat/Rear_view_user_id_63764_7_00_08_00_28_Class_8_Hat.mp4,8
/mnt/lustre/TAHAKOM/ActionRecognition/data_v2/Train/IDs/user_id_63764/Rearview/Hat/Rear_view_user_id_63764_7_00_45_01_06_Class_12_Hat.mp4,12
/mnt/lustre/TAHAKOM/ActionRecognition/data_v2/Train/IDs/user_id_63764/Rearview/Hat/Rear_view_user_id_63764_7_01_20_01_43_Class_6_Hat.mp4,6
/mnt/lustre/TAHAKOM/ActionRecognition/data_v2/Train/IDs/user_id_63764/Rearview/Hat/Rear_view_user_id_63764_7_01_57_02_20_Class_5_Hat.mp4,5
/mnt/lustre/TAHAKOM/ActionRecognition/data_v2/Train/IDs/user_id_63764/Rearview/Hat/Rear_view_user_id_63764_7_02_36_02_55_Class_0_Hat.mp4,0
/mnt/lustre/TAHAKOM/ActionRecognition/data_v2/Train/IDs/user_id_63764/Rearview/Hat/Rear_view_user_id_63764_7_03_11_03_26_Class_1_Hat.mp4,1
/mnt/lustre/TAHAKOM/ActionRecognition/data_v2/Train/IDs/user_id_63764/Rearview/Hat/Rear_view_user_id_63764_7_03_37_03_56_Class_13_Hat.mp4,13
/mnt/lustre/TAHAKOM/ActionRecognition/data_v2/Train/IDs/user_id_63764/Rearview/Hat/Rear_view_user_id_63764_7_04_15_04_20_Class_10_Hat.mp4,10
/mnt/lustre/TAHAKOM/ActionRecognition/data_v2/Train/IDs/user_id_63764/Rearview/Hat/Rear_view_user_id_63764_7_04_32_04_37_Class_9_Hat.mp4,9
/mnt/lustre/TAHAKOM/ActionRecognition/data_v2/Train/IDs/user_id_63764/Rearview/Hat/Rear_view_user_id_63764_7_04_54_04_57_Class_4_Hat.mp4,4
/mnt/lustre/TAHAKOM/ActionRecognition/data_v2/Train/IDs/user_id_63764/Rearview/Hat/Rear_view_user_id_63764_7_05_20_05_41_Class_2_Hat.mp4,2
/mnt/lustre/TAHAKOM/ActionRecognition/data_v2/Train/IDs/user_id_63764/Rearview/Hat/Rear_view_user_id_63764_7_05_54_06_08_Class_3_Hat.mp4,3
/mnt/lustre/TAHAKOM/ActionRecognition/data_v2/Train/IDs/user_id_63764/Rearview/Hat/Rear_view_user_id_63764_7_06_22_06_29_Class_7_Hat.mp4,7
/mnt/lustre/TAHAKOM/ActionRecognition/data_v2/Train/IDs/user_id_63764/Rearview/Hat/Rear_view_user_id_63764_7_06_54_07_12_Class_11_Hat.mp4,11
/mnt/lustre/TAHAKOM/ActionRecognition/data_v2/Train/IDs/user_id_63764/Rearview/Hat/Rear_view_user_id_63764_7_07_27_07_48_Class_15_Hat.mp4,15
/mnt/lustre/TAHAKOM/ActionRecognition/data_v2/Train/IDs/user_id_63764/Rearview/Hat/Rear_view_user_id_63764_7_08_02_08_25_Class_14_Hat.mp4,14
/mnt/lustre/TAHAKOM/ActionRecognition/data_v2/Train/IDs/user_id_71436/Rearview/None/Rear_view_user_id_71436_5_00_09_00_13_Class_10_None.mp4,10
/mnt/lustre/TAHAKOM/ActionRecognition/data_v2/Train/IDs/user_id_71436/Rearview/None/Rear_view_user_id_71436_5_00_37_00_40_Class_4_None.mp4,4
/mnt/lustre/TAHAKOM/ActionRecognition/data_v2/Train/IDs/user_id_71436/Rearview/None/Rear_view_user_id_71436_5_01_01_01_16_Class_0_None.mp4,0
/mnt/lustre/TAHAKOM/ActionRecognition/data_v2/Train/IDs/user_id_71436/Rearview/None/Rear_view_user_id_71436_5_01_32_01_39_Class_8_None.mp4,8
/mnt/lustre/TAHAKOM/ActionRecognition/data_v2/Train/IDs/user_id_71436/Rearview/None/Rear_view_user_id_71436_5_02_05_02_11_Class_7_None.mp4,7
/mnt/lustre/TAHAKOM/ActionRecognition/data_v2/Train/IDs/user_id_71436/Rearview/None/Rear_view_user_id_71436_5_02_31_02_47_Class_12_None.mp4,12
/mnt/lustre/TAHAKOM/ActionRecognition/data_v2/Train/IDs/user_id_71436/Rearview/None/Rear_view_user_id_71436_5_03_13_03_29_Class_11_None.mp4,11
/mnt/lustre/TAHAKOM/ActionRecognition/data_v2/Train/IDs/user_id_71436/Rearview/None/Rear_view_user_id_71436_5_03_46_03_49_Class_1_None.mp4,1
/mnt/lustre/TAHAKOM/ActionRecognition/data_v2/Train/IDs/user_id_71436/Rearview/None/Rear_view_user_id_71436_5_04_15_04_19_Class_13_None.mp4,13
/mnt/lustre/TAHAKOM/ActionRecognition/data_v2/Train/IDs/user_id_71436/Rearview/None/Rear_view_user_id_71436_5_04_27_04_30_Class_13_None.mp4,13
/mnt/lustre/TAHAKOM/ActionRecognition/data_v2/Train/IDs/user_id_71436/Rearview/None/Rear_view_user_id_71436_5_04_51_05_05_Class_3_None.mp4,3
/mnt/lustre/TAHAKOM/ActionRecognition/data_v2/Train/IDs/user_id_71436/Rearview/None/Rear_view_user_id_71436_5_05_18_05_40_Class_5_None.mp4,5
/mnt/lustre/TAHAKOM/ActionRecognition/data_v2/Train/IDs/user_id_71436/Rearview/None/Rear_view_user_id_71436_5_05_55_06_09_Class_6_None.mp4,6
/mnt/lustre/TAHAKOM/ActionRecognition/data_v2/Train/IDs/user_id_71436/Rearview/None/Rear_view_user_id_71436_5_06_25_06_45_Class_15_None.mp4,15
/mnt/lustre/TAHAKOM/ActionRecognition/data_v2/Train/IDs/user_id_71436/Rearview/None/Rear_view_user_id_71436_5_07_00_07_16_Class_2_None.mp4,2
/mnt/lustre/TAHAKOM/ActionRecognition/data_v2/Train/IDs/user_id_71436/Rearview/None/Rear_view_user_id_71436_5_07_31_07_35_Class_9_None.mp4,9
/mnt/lustre/TAHAKOM/ActionRecognition/data_v2/Train/IDs/user_id_71436/Rearview/None/Rear_view_user_id_71436_5_07_48_08_04_Class_14_None.mp4,14
/mnt/lustre/TAHAKOM/ActionRecognition/data_v2/Train/IDs/user_id_71436/Rearview/Sunglasses/Rear_view_user_id_71436_7_00_08_00_13_Class_10_Sunglasses.mp4,10
/mnt/lustre/TAHAKOM/ActionRecognition/data_v2/Train/IDs/user_id_71436/Rearview/Sunglasses/Rear_view_user_id_71436_7_00_33_00_36_Class_4_Sunglasses.mp4,4
/mnt/lustre/TAHAKOM/ActionRecognition/data_v2/Train/IDs/user_id_71436/Rearview/Sunglasses/Rear_view_user_id_71436_7_01_01_01_16_Class_0_Sunglasses.mp4,0
/mnt/lustre/TAHAKOM/ActionRecognition/data_v2/Train/IDs/user_id_71436/Rearview/Sunglasses/Rear_view_user_id_71436_7_01_32_01_38_Class_8_Sunglasses.mp4,8
/mnt/lustre/TAHAKOM/ActionRecognition/data_v2/Train/IDs/user_id_71436/Rearview/Sunglasses/Rear_view_user_id_71436_7_02_04_02_10_Class_7_Sunglasses.mp4,7
/mnt/lustre/TAHAKOM/ActionRecognition/data_v2/Train/IDs/user_id_71436/Rearview/Sunglasses/Rear_view_user_id_71436_7_02_30_02_48_Class_12_Sunglasses.mp4,12
/mnt/lustre/TAHAKOM/ActionRecognition/data_v2/Train/IDs/user_id_71436/Rearview/Sunglasses/Rear_view_user_id_71436_7_03_13_03_29_Class_11_Sunglasses.mp4,11
/mnt/lustre/TAHAKOM/ActionRecognition/data_v2/Train/IDs/user_id_71436/Rearview/Sunglasses/Rear_view_user_id_71436_7_03_45_03_49_Class_1_Sunglasses.mp4,1
/mnt/lustre/TAHAKOM/ActionRecognition/data_v2/Train/IDs/user_id_71436/Rearview/Sunglasses/Rear_view_user_id_71436_7_04_15_04_20_Class_13_Sunglasses.mp4,13
/mnt/lustre/TAHAKOM/ActionRecognition/data_v2/Train/IDs/user_id_71436/Rearview/Sunglasses/Rear_view_user_id_71436_7_04_25_04_28_Class_13_Sunglasses.mp4,13
/mnt/lustre/TAHAKOM/ActionRecognition/data_v2/Train/IDs/user_id_71436/Rearview/Sunglasses/Rear_view_user_id_71436_7_04_52_05_05_Class_3_Sunglasses.mp4,3
/mnt/lustre/TAHAKOM/ActionRecognition/data_v2/Train/IDs/user_id_71436/Rearview/Sunglasses/Rear_view_user_id_71436_7_05_20_05_41_Class_5_Sunglasses.mp4,5
/mnt/lustre/TAHAKOM/ActionRecognition/data_v2/Train/IDs/user_id_71436/Rearview/Sunglasses/Rear_view_user_id_71436_7_05_57_06_09_Class_6_Sunglasses.mp4,6
/mnt/lustre/TAHAKOM/ActionRecognition/data_v2/Train/IDs/user_id_71436/Rearview/Sunglasses/Rear_view_user_id_71436_7_06_25_06_46_Class_15_Sunglasses.mp4,15
/mnt/lustre/TAHAKOM/ActionRecognition/data_v2/Train/IDs/user_id_71436/Rearview/Sunglasses/Rear_view_user_id_71436_7_07_01_07_17_Class_2_Sunglasses.mp4,2
/mnt/lustre/TAHAKOM/ActionRecognition/data_v2/Train/IDs/user_id_71436/Rearview/Sunglasses/Rear_view_user_id_71436_7_07_31_07_35_Class_9_Sunglasses.mp4,9
/mnt/lustre/TAHAKOM/ActionRecognition/data_v2/Train/IDs/user_id_71436/Rearview/Sunglasses/Rear_view_user_id_71436_7_07_48_08_04_Class_14_Sunglasses.mp4,14
/mnt/lustre/TAHAKOM/ActionRecognition/data_v2/Train/IDs/user_id_78052/Rearview/Hat/Rear_view_user_id_78052_9_00_09_00_15_Class_10_Hat.mp4,10
/mnt/lustre/TAHAKOM/ActionRecognition/data_v2/Train/IDs/user_id_78052/Rearview/Hat/Rear_view_user_id_78052_9_00_33_00_40_Class_9_Hat.mp4,9
/mnt/lustre/TAHAKOM/ActionRecognition/data_v2/Train/IDs/user_id_78052/Rearview/Hat/Rear_view_user_id_78052_9_00_49_00_54_Class_13_Hat.mp4,13
/mnt/lustre/TAHAKOM/ActionRecognition/data_v2/Train/IDs/user_id_78052/Rearview/Hat/Rear_view_user_id_78052_9_01_24_01_28_Class_8_Hat.mp4,8
/mnt/lustre/TAHAKOM/ActionRecognition/data_v2/Train/IDs/user_id_78052/Rearview/Hat/Rear_view_user_id_78052_9_01_30_01_35_Class_8_Hat.mp4,8
/mnt/lustre/TAHAKOM/ActionRecognition/data_v2/Train/IDs/user_id_78052/Rearview/Hat/Rear_view_user_id_78052_9_01_55_02_16_Class_15_Hat.mp4,15
/mnt/lustre/TAHAKOM/ActionRecognition/data_v2/Train/IDs/user_id_78052/Rearview/Hat/Rear_view_user_id_78052_9_02_37_02_40_Class_1_Hat.mp4,1
/mnt/lustre/TAHAKOM/ActionRecognition/data_v2/Train/IDs/user_id_78052/Rearview/Hat/Rear_view_user_id_78052_9_03_05_03_28_Class_11_Hat.mp4,11
/mnt/lustre/TAHAKOM/ActionRecognition/data_v2/Train/IDs/user_id_78052/Rearview/Hat/Rear_view_user_id_78052_9_03_45_03_50_Class_7_Hat.mp4,7
/mnt/lustre/TAHAKOM/ActionRecognition/data_v2/Train/IDs/user_id_78052/Rearview/Hat/Rear_view_user_id_78052_9_04_07_04_24_Class_6_Hat.mp4,6
/mnt/lustre/TAHAKOM/ActionRecognition/data_v2/Train/IDs/user_id_78052/Rearview/Hat/Rear_view_user_id_78052_9_04_41_04_56_Class_3_Hat.mp4,3
/mnt/lustre/TAHAKOM/ActionRecognition/data_v2/Train/IDs/user_id_78052/Rearview/Hat/Rear_view_user_id_78052_9_05_17_05_27_Class_12_Hat.mp4,12
/mnt/lustre/TAHAKOM/ActionRecognition/data_v2/Train/IDs/user_id_78052/Rearview/Hat/Rear_view_user_id_78052_9_05_50_05_54_Class_14_Hat.mp4,14
/mnt/lustre/TAHAKOM/ActionRecognition/data_v2/Train/IDs/user_id_78052/Rearview/Hat/Rear_view_user_id_78052_9_06_25_06_39_Class_5_Hat.mp4,5
/mnt/lustre/TAHAKOM/ActionRecognition/data_v2/Train/IDs/user_id_78052/Rearview/Hat/Rear_view_user_id_78052_9_06_59_07_12_Class_4_Hat.mp4,4
/mnt/lustre/TAHAKOM/ActionRecognition/data_v2/Train/IDs/user_id_78052/Rearview/Hat/Rear_view_user_id_78052_9_07_37_07_45_Class_2_Hat.mp4,2
/mnt/lustre/TAHAKOM/ActionRecognition/data_v2/Train/IDs/user_id_78052/Rearview/Hat/Rear_view_user_id_78052_9_07_59_08_20_Class_4_Hat.mp4,4
/mnt/lustre/TAHAKOM/ActionRecognition/data_v2/Train/IDs/user_id_78052/Rearview/Sunglasses/Rear_view_user_id_78052_11_00_09_00_17_Class_10_Sunglasses.mp4,10
/mnt/lustre/TAHAKOM/ActionRecognition/data_v2/Train/IDs/user_id_78052/Rearview/Sunglasses/Rear_view_user_id_78052_11_00_33_00_36_Class_9_Sunglasses.mp4,9
/mnt/lustre/TAHAKOM/ActionRecognition/data_v2/Train/IDs/user_id_78052/Rearview/Sunglasses/Rear_view_user_id_78052_11_00_50_00_58_Class_13_Sunglasses.mp4,13
/mnt/lustre/TAHAKOM/ActionRecognition/data_v2/Train/IDs/user_id_78052/Rearview/Sunglasses/Rear_view_user_id_78052_11_01_23_01_31_Class_8_Sunglasses.mp4,8
/mnt/lustre/TAHAKOM/ActionRecognition/data_v2/Train/IDs/user_id_78052/Rearview/Sunglasses/Rear_view_user_id_78052_11_01_55_02_17_Class_15_Sunglasses.mp4,15
/mnt/lustre/TAHAKOM/ActionRecognition/data_v2/Train/IDs/user_id_78052/Rearview/Sunglasses/Rear_view_user_id_78052_11_02_36_02_39_Class_1_Sunglasses.mp4,1
/mnt/lustre/TAHAKOM/ActionRecognition/data_v2/Train/IDs/user_id_78052/Rearview/Sunglasses/Rear_view_user_id_78052_11_03_11_03_22_Class_11_Sunglasses.mp4,11
/mnt/lustre/TAHAKOM/ActionRecognition/data_v2/Train/IDs/user_id_78052/Rearview/Sunglasses/Rear_view_user_id_78052_11_03_43_03_49_Class_7_Sunglasses.mp4,7
/mnt/lustre/TAHAKOM/ActionRecognition/data_v2/Train/IDs/user_id_78052/Rearview/Sunglasses/Rear_view_user_id_78052_11_04_06_04_24_Class_6_Sunglasses.mp4,6
/mnt/lustre/TAHAKOM/ActionRecognition/data_v2/Train/IDs/user_id_78052/Rearview/Sunglasses/Rear_view_user_id_78052_11_04_46_04_59_Class_3_Sunglasses.mp4,3
/mnt/lustre/TAHAKOM/ActionRecognition/data_v2/Train/IDs/user_id_78052/Rearview/Sunglasses/Rear_view_user_id_78052_11_05_17_05_31_Class_12_Sunglasses.mp4,12
/mnt/lustre/TAHAKOM/ActionRecognition/data_v2/Train/IDs/user_id_78052/Rearview/Sunglasses/Rear_view_user_id_78052_11_05_50_05_55_Class_14_Sunglasses.mp4,14
/mnt/lustre/TAHAKOM/ActionRecognition/data_v2/Train/IDs/user_id_78052/Rearview/Sunglasses/Rear_view_user_id_78052_11_06_23_06_36_Class_5_Sunglasses.mp4,5
/mnt/lustre/TAHAKOM/ActionRecognition/data_v2/Train/IDs/user_id_78052/Rearview/Sunglasses/Rear_view_user_id_78052_11_06_57_07_12_Class_4_Sunglasses.mp4,4
/mnt/lustre/TAHAKOM/ActionRecognition/data_v2/Train/IDs/user_id_78052/Rearview/Sunglasses/Rear_view_user_id_78052_11_07_38_07_48_Class_2_Sunglasses.mp4,2
/mnt/lustre/TAHAKOM/ActionRecognition/data_v2/Train/IDs/user_id_78052/Rearview/Sunglasses/Rear_view_user_id_78052_11_07_59_08_20_Class_0_Sunglasses.mp4,0
/mnt/lustre/TAHAKOM/ActionRecognition/data_v2/Train/IDs/user_id_83323/Rearview/Hat/Rear_view_user_id_83323_3_00_08_00_11_Class_10_Hat.mp4,10
/mnt/lustre/TAHAKOM/ActionRecognition/data_v2/Train/IDs/user_id_83323/Rearview/Hat/Rear_view_user_id_83323_3_00_35_00_42_Class_1_Hat.mp4,1
/mnt/lustre/TAHAKOM/ActionRecognition/data_v2/Train/IDs/user_id_83323/Rearview/Hat/Rear_view_user_id_83323_3_01_17_01_21_Class_6_Hat.mp4,6
/mnt/lustre/TAHAKOM/ActionRecognition/data_v2/Train/IDs/user_id_83323/Rearview/Hat/Rear_view_user_id_83323_3_01_55_02_02_Class_11_Hat.mp4,11
/mnt/lustre/TAHAKOM/ActionRecognition/data_v2/Train/IDs/user_id_83323/Rearview/Hat/Rear_view_user_id_83323_3_02_26_02_30_Class_9_Hat.mp4,9
/mnt/lustre/TAHAKOM/ActionRecognition/data_v2/Train/IDs/user_id_83323/Rearview/Hat/Rear_view_user_id_83323_3_02_50_03_09_Class_15_Hat.mp4,15
/mnt/lustre/TAHAKOM/ActionRecognition/data_v2/Train/IDs/user_id_83323/Rearview/Hat/Rear_view_user_id_83323_3_03_22_03_27_Class_13_Hat.mp4,13
/mnt/lustre/TAHAKOM/ActionRecognition/data_v2/Train/IDs/user_id_83323/Rearview/Hat/Rear_view_user_id_83323_3_03_48_04_09_Class_3_Hat.mp4,3
/mnt/lustre/TAHAKOM/ActionRecognition/data_v2/Train/IDs/user_id_83323/Rearview/Hat/Rear_view_user_id_83323_3_04_26_04_41_Class_4_Hat.mp4,4
/mnt/lustre/TAHAKOM/ActionRecognition/data_v2/Train/IDs/user_id_83323/Rearview/Hat/Rear_view_user_id_83323_3_05_01_05_09_Class_5_Hat.mp4,5
/mnt/lustre/TAHAKOM/ActionRecognition/data_v2/Train/IDs/user_id_83323/Rearview/Hat/Rear_view_user_id_83323_3_05_24_05_45_Class_0_Hat.mp4,0
/mnt/lustre/TAHAKOM/ActionRecognition/data_v2/Train/IDs/user_id_83323/Rearview/Hat/Rear_view_user_id_83323_3_05_59_06_07_Class_7_Hat.mp4,7
/mnt/lustre/TAHAKOM/ActionRecognition/data_v2/Train/IDs/user_id_83323/Rearview/Hat/Rear_view_user_id_83323_3_06_19_06_44_Class_2_Hat.mp4,2
/mnt/lustre/TAHAKOM/ActionRecognition/data_v2/Train/IDs/user_id_83323/Rearview/Hat/Rear_view_user_id_83323_3_06_57_07_08_Class_14_Hat.mp4,14
/mnt/lustre/TAHAKOM/ActionRecognition/data_v2/Train/IDs/user_id_83323/Rearview/Hat/Rear_view_user_id_83323_3_07_32_07_40_Class_8_Hat.mp4,8
/mnt/lustre/TAHAKOM/ActionRecognition/data_v2/Train/IDs/user_id_83323/Rearview/Hat/Rear_view_user_id_83323_3_08_06_08_28_Class_12_Hat.mp4,12
/mnt/lustre/TAHAKOM/ActionRecognition/data_v2/Train/IDs/user_id_83323/Rearview/None/Rear_view_user_id_83323_5_00_08_00_11_Class_10_None.mp4,10
/mnt/lustre/TAHAKOM/ActionRecognition/data_v2/Train/IDs/user_id_83323/Rearview/None/Rear_view_user_id_83323_5_00_35_00_38_Class_1_None.mp4,1
/mnt/lustre/TAHAKOM/ActionRecognition/data_v2/Train/IDs/user_id_83323/Rearview/None/Rear_view_user_id_83323_5_01_11_01_20_Class_6_None.mp4,6
/mnt/lustre/TAHAKOM/ActionRecognition/data_v2/Train/IDs/user_id_83323/Rearview/None/Rear_view_user_id_83323_5_01_53_02_00_Class_11_None.mp4,11
/mnt/lustre/TAHAKOM/ActionRecognition/data_v2/Train/IDs/user_id_83323/Rearview/None/Rear_view_user_id_83323_5_02_26_02_30_Class_9_None.mp4,9
/mnt/lustre/TAHAKOM/ActionRecognition/data_v2/Train/IDs/user_id_83323/Rearview/None/Rear_view_user_id_83323_5_02_50_03_09_Class_15_None.mp4,15
/mnt/lustre/TAHAKOM/ActionRecognition/data_v2/Train/IDs/user_id_83323/Rearview/None/Rear_view_user_id_83323_5_03_22_03_27_Class_13_None.mp4,13
/mnt/lustre/TAHAKOM/ActionRecognition/data_v2/Train/IDs/user_id_83323/Rearview/None/Rear_view_user_id_83323_5_03_48_04_09_Class_3_None.mp4,3
/mnt/lustre/TAHAKOM/ActionRecognition/data_v2/Train/IDs/user_id_83323/Rearview/None/Rear_view_user_id_83323_5_04_26_04_41_Class_4_None.mp4,4
/mnt/lustre/TAHAKOM/ActionRecognition/data_v2/Train/IDs/user_id_83323/Rearview/None/Rear_view_user_id_83323_5_04_58_05_09_Class_5_None.mp4,5
/mnt/lustre/TAHAKOM/ActionRecognition/data_v2/Train/IDs/user_id_83323/Rearview/None/Rear_view_user_id_83323_5_05_24_05_45_Class_0_None.mp4,0
/mnt/lustre/TAHAKOM/ActionRecognition/data_v2/Train/IDs/user_id_83323/Rearview/None/Rear_view_user_id_83323_5_05_59_06_07_Class_7_None.mp4,7
/mnt/lustre/TAHAKOM/ActionRecognition/data_v2/Train/IDs/user_id_83323/Rearview/None/Rear_view_user_id_83323_5_06_19_06_44_Class_2_None.mp4,2
/mnt/lustre/TAHAKOM/ActionRecognition/data_v2/Train/IDs/user_id_83323/Rearview/None/Rear_view_user_id_83323_5_07_02_07_11_Class_14_None.mp4,14
/mnt/lustre/TAHAKOM/ActionRecognition/data_v2/Train/IDs/user_id_83323/Rearview/None/Rear_view_user_id_83323_5_07_33_07_41_Class_8_None.mp4,8
/mnt/lustre/TAHAKOM/ActionRecognition/data_v2/Train/IDs/user_id_83323/Rearview/None/Rear_view_user_id_83323_5_08_06_08_28_Class_12_None.mp4,12
/mnt/lustre/TAHAKOM/ActionRecognition/data_v2/Train/IDs/user_id_84935/Rearview/None/Rear_view_user_id_84935_5_00_08_00_28_Class_0_None.mp4,0
/mnt/lustre/TAHAKOM/ActionRecognition/data_v2/Train/IDs/user_id_84935/Rearview/None/Rear_view_user_id_84935_5_00_42_00_49_Class_8_None.mp4,8
/mnt/lustre/TAHAKOM/ActionRecognition/data_v2/Train/IDs/user_id_84935/Rearview/None/Rear_view_user_id_84935_5_01_15_01_37_Class_15_None.mp4,15
/mnt/lustre/TAHAKOM/ActionRecognition/data_v2/Train/IDs/user_id_84935/Rearview/None/Rear_view_user_id_84935_5_01_52_01_57_Class_7_None.mp4,7
/mnt/lustre/TAHAKOM/ActionRecognition/data_v2/Train/IDs/user_id_84935/Rearview/None/Rear_view_user_id_84935_5_02_18_02_31_Class_4_None.mp4,4
/mnt/lustre/TAHAKOM/ActionRecognition/data_v2/Train/IDs/user_id_84935/Rearview/None/Rear_view_user_id_84935_5_02_44_02_48_Class_10_None.mp4,10
/mnt/lustre/TAHAKOM/ActionRecognition/data_v2/Train/IDs/user_id_84935/Rearview/None/Rear_view_user_id_84935_5_03_17_03_29_Class_11_None.mp4,11
/mnt/lustre/TAHAKOM/ActionRecognition/data_v2/Train/IDs/user_id_84935/Rearview/None/Rear_view_user_id_84935_5_03_57_04_04_Class_6_None.mp4,6
/mnt/lustre/TAHAKOM/ActionRecognition/data_v2/Train/IDs/user_id_84935/Rearview/None/Rear_view_user_id_84935_5_04_33_04_44_Class_3_None.mp4,3
/mnt/lustre/TAHAKOM/ActionRecognition/data_v2/Train/IDs/user_id_84935/Rearview/None/Rear_view_user_id_84935_5_05_09_05_13_Class_2_None.mp4,2
/mnt/lustre/TAHAKOM/ActionRecognition/data_v2/Train/IDs/user_id_84935/Rearview/None/Rear_view_user_id_84935_5_05_29_05_42_Class_12_None.mp4,12
/mnt/lustre/TAHAKOM/ActionRecognition/data_v2/Train/IDs/user_id_84935/Rearview/None/Rear_view_user_id_84935_5_06_00_06_08_Class_13_None.mp4,13
/mnt/lustre/TAHAKOM/ActionRecognition/data_v2/Train/IDs/user_id_84935/Rearview/None/Rear_view_user_id_84935_5_06_29_06_35_Class_14_None.mp4,14
/mnt/lustre/TAHAKOM/ActionRecognition/data_v2/Train/IDs/user_id_84935/Rearview/None/Rear_view_user_id_84935_5_07_05_07_08_Class_1_None.mp4,1
/mnt/lustre/TAHAKOM/ActionRecognition/data_v2/Train/IDs/user_id_84935/Rearview/None/Rear_view_user_id_84935_5_07_34_07_38_Class_10_None.mp4,10
/mnt/lustre/TAHAKOM/ActionRecognition/data_v2/Train/IDs/user_id_84935/Rearview/None/Rear_view_user_id_84935_5_07_56_08_06_Class_5_None.mp4,5
/mnt/lustre/TAHAKOM/ActionRecognition/data_v2/Train/IDs/user_id_84935/Rearview/Hat/Rear_view_user_id_84935_7_00_08_00_29_Class_0_Hat.mp4,0
/mnt/lustre/TAHAKOM/ActionRecognition/data_v2/Train/IDs/user_id_84935/Rearview/Hat/Rear_view_user_id_84935_7_00_44_00_50_Class_8_Hat.mp4,8
/mnt/lustre/TAHAKOM/ActionRecognition/data_v2/Train/IDs/user_id_84935/Rearview/Hat/Rear_view_user_id_84935_7_01_16_01_38_Class_15_Hat.mp4,15
/mnt/lustre/TAHAKOM/ActionRecognition/data_v2/Train/IDs/user_id_84935/Rearview/Hat/Rear_view_user_id_84935_7_01_53_01_57_Class_7_Hat.mp4,7
/mnt/lustre/TAHAKOM/ActionRecognition/data_v2/Train/IDs/user_id_84935/Rearview/Hat/Rear_view_user_id_84935_7_02_21_02_31_Class_4_Hat.mp4,4
/mnt/lustre/TAHAKOM/ActionRecognition/data_v2/Train/IDs/user_id_84935/Rearview/Hat/Rear_view_user_id_84935_7_02_44_02_48_Class_10_Hat.mp4,10
/mnt/lustre/TAHAKOM/ActionRecognition/data_v2/Train/IDs/user_id_84935/Rearview/Hat/Rear_view_user_id_84935_7_03_17_03_39_Class_11_Hat.mp4,11
/mnt/lustre/TAHAKOM/ActionRecognition/data_v2/Train/IDs/user_id_84935/Rearview/Hat/Rear_view_user_id_84935_7_03_56_04_06_Class_6_Hat.mp4,6
/mnt/lustre/TAHAKOM/ActionRecognition/data_v2/Train/IDs/user_id_84935/Rearview/Hat/Rear_view_user_id_84935_7_04_33_04_45_Class_3_Hat.mp4,3
/mnt/lustre/TAHAKOM/ActionRecognition/data_v2/Train/IDs/user_id_84935/Rearview/Hat/Rear_view_user_id_84935_7_05_09_05_14_Class_2_Hat.mp4,2
/mnt/lustre/TAHAKOM/ActionRecognition/data_v2/Train/IDs/user_id_84935/Rearview/Hat/Rear_view_user_id_84935_7_05_30_05_43_Class_12_Hat.mp4,12
/mnt/lustre/TAHAKOM/ActionRecognition/data_v2/Train/IDs/user_id_84935/Rearview/Hat/Rear_view_user_id_84935_7_06_00_06_07_Class_13_Hat.mp4,13
/mnt/lustre/TAHAKOM/ActionRecognition/data_v2/Train/IDs/user_id_84935/Rearview/Hat/Rear_view_user_id_84935_7_06_29_06_35_Class_14_Hat.mp4,14
/mnt/lustre/TAHAKOM/ActionRecognition/data_v2/Train/IDs/user_id_84935/Rearview/Hat/Rear_view_user_id_84935_7_07_08_07_12_Class_1_Hat.mp4,1
/mnt/lustre/TAHAKOM/ActionRecognition/data_v2/Train/IDs/user_id_84935/Rearview/Hat/Rear_view_user_id_84935_7_07_32_07_37_Class_9_Hat.mp4,9
/mnt/lustre/TAHAKOM/ActionRecognition/data_v2/Train/IDs/user_id_84935/Rearview/Hat/Rear_view_user_id_84935_7_07_56_08_09_Class_5_Hat.mp4,5
/mnt/lustre/TAHAKOM/ActionRecognition/data_v2/Train/IDs/user_id_85870/Rearview/None/Rear_view_user_id_85870_5_00_08_00_12_Class_7_None.mp4,7
/mnt/lustre/TAHAKOM/ActionRecognition/data_v2/Train/IDs/user_id_85870/Rearview/None/Rear_view_user_id_85870_5_00_33_00_37_Class_9_None.mp4,9
/mnt/lustre/TAHAKOM/ActionRecognition/data_v2/Train/IDs/user_id_85870/Rearview/None/Rear_view_user_id_85870_5_00_55_00_59_Class_1_None.mp4,1
/mnt/lustre/TAHAKOM/ActionRecognition/data_v2/Train/IDs/user_id_85870/Rearview/None/Rear_view_user_id_85870_5_01_22_01_25_Class_13_None.mp4,13
/mnt/lustre/TAHAKOM/ActionRecognition/data_v2/Train/IDs/user_id_85870/Rearview/None/Rear_view_user_id_85870_5_01_56_02_09_Class_2_None.mp4,2
/mnt/lustre/TAHAKOM/ActionRecognition/data_v2/Train/IDs/user_id_85870/Rearview/None/Rear_view_user_id_85870_5_02_32_02_48_Class_11_None.mp4,11
/mnt/lustre/TAHAKOM/ActionRecognition/data_v2/Train/IDs/user_id_85870/Rearview/None/Rear_view_user_id_85870_5_03_08_03_34_Class_0_None.mp4,0
/mnt/lustre/TAHAKOM/ActionRecognition/data_v2/Train/IDs/user_id_85870/Rearview/None/Rear_view_user_id_85870_5_03_48_03_53_Class_10_None.mp4,10
/mnt/lustre/TAHAKOM/ActionRecognition/data_v2/Train/IDs/user_id_85870/Rearview/None/Rear_view_user_id_85870_5_04_15_04_32_Class_4_None.mp4,4
/mnt/lustre/TAHAKOM/ActionRecognition/data_v2/Train/IDs/user_id_85870/Rearview/None/Rear_view_user_id_85870_5_04_47_04_50_Class_8_None.mp4,8
/mnt/lustre/TAHAKOM/ActionRecognition/data_v2/Train/IDs/user_id_85870/Rearview/None/Rear_view_user_id_85870_5_05_23_05_39_Class_3_None.mp4,3
/mnt/lustre/TAHAKOM/ActionRecognition/data_v2/Train/IDs/user_id_85870/Rearview/None/Rear_view_user_id_85870_5_06_01_06_09_Class_5_None.mp4,5
/mnt/lustre/TAHAKOM/ActionRecognition/data_v2/Train/IDs/user_id_85870/Rearview/None/Rear_view_user_id_85870_5_06_23_06_44_Class_15_None.mp4,15
/mnt/lustre/TAHAKOM/ActionRecognition/data_v2/Train/IDs/user_id_85870/Rearview/None/Rear_view_user_id_85870_5_06_57_07_12_Class_14_None.mp4,14
/mnt/lustre/TAHAKOM/ActionRecognition/data_v2/Train/IDs/user_id_85870/Rearview/None/Rear_view_user_id_85870_5_07_28_07_43_Class_12_None.mp4,12
/mnt/lustre/TAHAKOM/ActionRecognition/data_v2/Train/IDs/user_id_85870/Rearview/None/Rear_view_user_id_85870_5_08_05_08_13_Class_6_None.mp4,6
/mnt/lustre/TAHAKOM/ActionRecognition/data_v2/Train/IDs/user_id_85870/Rearview/Hat/Rear_view_user_id_85870_7_00_08_00_12_Class_7_Hat.mp4,7
/mnt/lustre/TAHAKOM/ActionRecognition/data_v2/Train/IDs/user_id_85870/Rearview/Hat/Rear_view_user_id_85870_7_00_33_00_38_Class_9_Hat.mp4,9
/mnt/lustre/TAHAKOM/ActionRecognition/data_v2/Train/IDs/user_id_85870/Rearview/Hat/Rear_view_user_id_85870_7_00_56_00_59_Class_1_Hat.mp4,1
/mnt/lustre/TAHAKOM/ActionRecognition/data_v2/Train/IDs/user_id_85870/Rearview/Hat/Rear_view_user_id_85870_7_01_22_01_27_Class_13_Hat.mp4,13
/mnt/lustre/TAHAKOM/ActionRecognition/data_v2/Train/IDs/user_id_85870/Rearview/Hat/Rear_view_user_id_85870_7_01_56_02_09_Class_2_Hat.mp4,2
/mnt/lustre/TAHAKOM/ActionRecognition/data_v2/Train/IDs/user_id_85870/Rearview/Hat/Rear_view_user_id_85870_7_02_32_02_48_Class_11_Hat.mp4,11
/mnt/lustre/TAHAKOM/ActionRecognition/data_v2/Train/IDs/user_id_85870/Rearview/Hat/Rear_view_user_id_85870_7_03_08_03_34_Class_0_Hat.mp4,0
/mnt/lustre/TAHAKOM/ActionRecognition/data_v2/Train/IDs/user_id_85870/Rearview/Hat/Rear_view_user_id_85870_7_03_47_03_53_Class_10_Hat.mp4,10
/mnt/lustre/TAHAKOM/ActionRecognition/data_v2/Train/IDs/user_id_85870/Rearview/Hat/Rear_view_user_id_85870_7_04_14_04_32_Class_4_Hat.mp4,4
/mnt/lustre/TAHAKOM/ActionRecognition/data_v2/Train/IDs/user_id_85870/Rearview/Hat/Rear_view_user_id_85870_7_04_48_04_51_Class_8_Hat.mp4,8
/mnt/lustre/TAHAKOM/ActionRecognition/data_v2/Train/IDs/user_id_85870/Rearview/Hat/Rear_view_user_id_85870_7_05_24_05_34_Class_3_Hat.mp4,3
/mnt/lustre/TAHAKOM/ActionRecognition/data_v2/Train/IDs/user_id_85870/Rearview/Hat/Rear_view_user_id_85870_7_06_00_06_10_Class_5_Hat.mp4,5
/mnt/lustre/TAHAKOM/ActionRecognition/data_v2/Train/IDs/user_id_85870/Rearview/Hat/Rear_view_user_id_85870_7_06_22_06_43_Class_15_Hat.mp4,15
/mnt/lustre/TAHAKOM/ActionRecognition/data_v2/Train/IDs/user_id_85870/Rearview/Hat/Rear_view_user_id_85870_7_06_56_07_12_Class_14_Hat.mp4,14
/mnt/lustre/TAHAKOM/ActionRecognition/data_v2/Train/IDs/user_id_85870/Rearview/Hat/Rear_view_user_id_85870_7_07_28_07_43_Class_12_Hat.mp4,12
/mnt/lustre/TAHAKOM/ActionRecognition/data_v2/Train/IDs/user_id_85870/Rearview/Hat/Rear_view_user_id_85870_7_08_06_08_13_Class_6_Hat.mp4,6
/mnt/lustre/TAHAKOM/ActionRecognition/data_v2/Train/IDs/user_id_86356/Rearview/None/Rear_view_user_id_86356_5_00_09_00_13_Class_13_None.mp4,13
/mnt/lustre/TAHAKOM/ActionRecognition/data_v2/Train/IDs/user_id_86356/Rearview/None/Rear_view_user_id_86356_5_00_43_00_51_Class_14_None.mp4,14
/mnt/lustre/TAHAKOM/ActionRecognition/data_v2/Train/IDs/user_id_86356/Rearview/None/Rear_view_user_id_86356_5_01_23_01_29_Class_7_None.mp4,7
/mnt/lustre/TAHAKOM/ActionRecognition/data_v2/Train/IDs/user_id_86356/Rearview/None/Rear_view_user_id_86356_5_01_46_02_11_Class_5_None.mp4,5
/mnt/lustre/TAHAKOM/ActionRecognition/data_v2/Train/IDs/user_id_86356/Rearview/None/Rear_view_user_id_86356_5_02_31_02_55_Class_11_None.mp4,11
/mnt/lustre/TAHAKOM/ActionRecognition/data_v2/Train/IDs/user_id_86356/Rearview/None/Rear_view_user_id_86356_5_03_08_03_33_Class_6_None.mp4,6
/mnt/lustre/TAHAKOM/ActionRecognition/data_v2/Train/IDs/user_id_86356/Rearview/None/Rear_view_user_id_86356_5_03_45_04_00_Class_4_None.mp4,4
/mnt/lustre/TAHAKOM/ActionRecognition/data_v2/Train/IDs/user_id_86356/Rearview/None/Rear_view_user_id_86356_5_04_14_04_38_Class_12_None.mp4,12
/mnt/lustre/TAHAKOM/ActionRecognition/data_v2/Train/IDs/user_id_86356/Rearview/None/Rear_view_user_id_86356_5_04_59_05_15_Class_3_None.mp4,3
/mnt/lustre/TAHAKOM/ActionRecognition/data_v2/Train/IDs/user_id_86356/Rearview/None/Rear_view_user_id_86356_5_05_32_05_50_Class_2_None.mp4,2
/mnt/lustre/TAHAKOM/ActionRecognition/data_v2/Train/IDs/user_id_86356/Rearview/None/Rear_view_user_id_86356_5_06_06_06_13_Class_10_None.mp4,10
/mnt/lustre/TAHAKOM/ActionRecognition/data_v2/Train/IDs/user_id_86356/Rearview/None/Rear_view_user_id_86356_5_06_28_06_34_Class_8_None.mp4,8
/mnt/lustre/TAHAKOM/ActionRecognition/data_v2/Train/IDs/user_id_86356/Rearview/None/Rear_view_user_id_86356_5_07_32_07_39_Class_9_None.mp4,9
/mnt/lustre/TAHAKOM/ActionRecognition/data_v2/Train/IDs/user_id_86356/Rearview/None/Rear_view_user_id_86356_5_07_53_08_03_Class_15_None.mp4,15
/mnt/lustre/TAHAKOM/ActionRecognition/data_v2/Train/IDs/user_id_86356/Rearview/Sunglasses/Rear_view_user_id_86356_7_00_09_00_15_Class_13_Sunglasses.mp4,13
/mnt/lustre/TAHAKOM/ActionRecognition/data_v2/Train/IDs/user_id_86356/Rearview/Sunglasses/Rear_view_user_id_86356_7_00_46_00_50_Class_14_Sunglasses.mp4,14
/mnt/lustre/TAHAKOM/ActionRecognition/data_v2/Train/IDs/user_id_86356/Rearview/Sunglasses/Rear_view_user_id_86356_7_01_22_01_30_Class_7_Sunglasses.mp4,7
/mnt/lustre/TAHAKOM/ActionRecognition/data_v2/Train/IDs/user_id_86356/Rearview/Sunglasses/Rear_view_user_id_86356_7_01_55_02_08_Class_5_Sunglasses.mp4,5
/mnt/lustre/TAHAKOM/ActionRecognition/data_v2/Train/IDs/user_id_86356/Rearview/Sunglasses/Rear_view_user_id_86356_7_02_33_02_54_Class_11_Sunglasses.mp4,11
/mnt/lustre/TAHAKOM/ActionRecognition/data_v2/Train/IDs/user_id_86356/Rearview/Sunglasses/Rear_view_user_id_86356_7_03_10_03_23_Class_6_Sunglasses.mp4,6
/mnt/lustre/TAHAKOM/ActionRecognition/data_v2/Train/IDs/user_id_86356/Rearview/Sunglasses/Rear_view_user_id_86356_7_03_45_04_10_Class_4_Sunglasses.mp4,4
/mnt/lustre/TAHAKOM/ActionRecognition/data_v2/Train/IDs/user_id_86356/Rearview/Sunglasses/Rear_view_user_id_86356_7_04_16_04_37_Class_12_Sunglasses.mp4,12
/mnt/lustre/TAHAKOM/ActionRecognition/data_v2/Train/IDs/user_id_86356/Rearview/Sunglasses/Rear_view_user_id_86356_7_05_00_05_15_Class_3_Sunglasses.mp4,3
/mnt/lustre/TAHAKOM/ActionRecognition/data_v2/Train/IDs/user_id_86356/Rearview/Sunglasses/Rear_view_user_id_86356_7_05_33_05_51_Class_2_Sunglasses.mp4,2
/mnt/lustre/TAHAKOM/ActionRecognition/data_v2/Train/IDs/user_id_86356/Rearview/Sunglasses/Rear_view_user_id_86356_7_06_05_06_12_Class_10_Sunglasses.mp4,10
/mnt/lustre/TAHAKOM/ActionRecognition/data_v2/Train/IDs/user_id_86356/Rearview/Sunglasses/Rear_view_user_id_86356_7_06_28_06_33_Class_8_Sunglasses.mp4,8
/mnt/lustre/TAHAKOM/ActionRecognition/data_v2/Train/IDs/user_id_86356/Rearview/Sunglasses/Rear_view_user_id_86356_7_07_32_07_37_Class_9_Sunglasses.mp4,9
/mnt/lustre/TAHAKOM/ActionRecognition/data_v2/Train/IDs/user_id_86356/Rearview/Sunglasses/Rear_view_user_id_86356_7_07_53_08_12_Class_15_Sunglasses.mp4,15
/mnt/lustre/TAHAKOM/ActionRecognition/data_v2/Train/IDs/user_id_86356/Rearview/Sunglasses/Rear_view_user_id_86356_7_08_29_08_33_Class_1_Sunglasses.mp4,1
/mnt/lustre/TAHAKOM/ActionRecognition/data_v2/Train/IDs/user_id_86356/Rearview/Sunglasses/Rear_view_user_id_86356_7_08_38_08_42_Class_0_Sunglasses.mp4,0
/mnt/lustre/TAHAKOM/ActionRecognition/data_v2/Train/IDs/user_id_86952/Rearview/Hat/Rear_view_user_id_86952_11_00_12_00_15_Class_1_Hat.mp4,1
/mnt/lustre/TAHAKOM/ActionRecognition/data_v2/Train/IDs/user_id_86952/Rearview/Hat/Rear_view_user_id_86952_11_00_46_01_00_Class_3_Hat.mp4,3
/mnt/lustre/TAHAKOM/ActionRecognition/data_v2/Train/IDs/user_id_86952/Rearview/Hat/Rear_view_user_id_86952_11_01_13_01_17_Class_13_Hat.mp4,13
/mnt/lustre/TAHAKOM/ActionRecognition/data_v2/Train/IDs/user_id_86952/Rearview/Hat/Rear_view_user_id_86952_11_01_52_02_09_Class_6_Hat.mp4,6
/mnt/lustre/TAHAKOM/ActionRecognition/data_v2/Train/IDs/user_id_86952/Rearview/Hat/Rear_view_user_id_86952_11_02_22_02_43_Class_15_Hat.mp4,15
/mnt/lustre/TAHAKOM/ActionRecognition/data_v2/Train/IDs/user_id_86952/Rearview/Hat/Rear_view_user_id_86952_11_02_58_03_01_Class_9_Hat.mp4,9
/mnt/lustre/TAHAKOM/ActionRecognition/data_v2/Train/IDs/user_id_86952/Rearview/Hat/Rear_view_user_id_86952_11_03_24_03_36_Class_2_Hat.mp4,2
/mnt/lustre/TAHAKOM/ActionRecognition/data_v2/Train/IDs/user_id_86952/Rearview/Hat/Rear_view_user_id_86952_11_03_50_03_53_Class_7_Hat.mp4,7
/mnt/lustre/TAHAKOM/ActionRecognition/data_v2/Train/IDs/user_id_86952/Rearview/Hat/Rear_view_user_id_86952_11_04_12_04_34_Class_5_Hat.mp4,5
/mnt/lustre/TAHAKOM/ActionRecognition/data_v2/Train/IDs/user_id_86952/Rearview/Hat/Rear_view_user_id_86952_11_04_46_05_06_Class_14_Hat.mp4,14
/mnt/lustre/TAHAKOM/ActionRecognition/data_v2/Train/IDs/user_id_86952/Rearview/Hat/Rear_view_user_id_86952_11_05_59_06_03_Class_8_Hat.mp4,8
/mnt/lustre/TAHAKOM/ActionRecognition/data_v2/Train/IDs/user_id_86952/Rearview/Hat/Rear_view_user_id_86952_11_06_31_06_34_Class_10_Hat.mp4,10
/mnt/lustre/TAHAKOM/ActionRecognition/data_v2/Train/IDs/user_id_86952/Rearview/Hat/Rear_view_user_id_86952_11_06_54_07_08_Class_4_Hat.mp4,4
/mnt/lustre/TAHAKOM/ActionRecognition/data_v2/Train/IDs/user_id_86952/Rearview/Hat/Rear_view_user_id_86952_11_07_36_07_55_Class_11_Hat.mp4,11
/mnt/lustre/TAHAKOM/ActionRecognition/data_v2/Train/IDs/user_id_86952/Rearview/Hat/Rear_view_user_id_86952_11_08_13_08_34_Class_12_Hat.mp4,12
/mnt/lustre/TAHAKOM/ActionRecognition/data_v2/Train/IDs/user_id_86952/Rearview/Hat/Rear_view_user_id_86952_11_08_34_08_38_Class_0_Hat.mp4,0
/mnt/lustre/TAHAKOM/ActionRecognition/data_v2/Train/IDs/user_id_86952/Rearview/Sunglasses/Rear_view_user_id_86952_9_00_12_00_15_Class_1_Sunglasses.mp4,1
/mnt/lustre/TAHAKOM/ActionRecognition/data_v2/Train/IDs/user_id_86952/Rearview/Sunglasses/Rear_view_user_id_86952_9_00_47_01_00_Class_3_Sunglasses.mp4,3
/mnt/lustre/TAHAKOM/ActionRecognition/data_v2/Train/IDs/user_id_86952/Rearview/Sunglasses/Rear_view_user_id_86952_9_01_12_01_15_Class_13_Sunglasses.mp4,13
/mnt/lustre/TAHAKOM/ActionRecognition/data_v2/Train/IDs/user_id_86952/Rearview/Sunglasses/Rear_view_user_id_86952_9_01_51_02_06_Class_6_Sunglasses.mp4,6
/mnt/lustre/TAHAKOM/ActionRecognition/data_v2/Train/IDs/user_id_86952/Rearview/Sunglasses/Rear_view_user_id_86952_9_02_38_02_44_Class_15_Sunglasses.mp4,15
/mnt/lustre/TAHAKOM/ActionRecognition/data_v2/Train/IDs/user_id_86952/Rearview/Sunglasses/Rear_view_user_id_86952_9_02_58_03_01_Class_9_Sunglasses.mp4,9
/mnt/lustre/TAHAKOM/ActionRecognition/data_v2/Train/IDs/user_id_86952/Rearview/Sunglasses/Rear_view_user_id_86952_9_03_23_03_36_Class_2_Sunglasses.mp4,2
/mnt/lustre/TAHAKOM/ActionRecognition/data_v2/Train/IDs/user_id_86952/Rearview/Sunglasses/Rear_view_user_id_86952_9_03_51_03_58_Class_7_Sunglasses.mp4,7
/mnt/lustre/TAHAKOM/ActionRecognition/data_v2/Train/IDs/user_id_86952/Rearview/Sunglasses/Rear_view_user_id_86952_9_04_12_04_33_Class_5_Sunglasses.mp4,5
/mnt/lustre/TAHAKOM/ActionRecognition/data_v2/Train/IDs/user_id_86952/Rearview/Sunglasses/Rear_view_user_id_86952_9_04_46_05_08_Class_14_Sunglasses.mp4,14
/mnt/lustre/TAHAKOM/ActionRecognition/data_v2/Train/IDs/user_id_86952/Rearview/Sunglasses/Rear_view_user_id_86952_9_05_55_06_00_Class_8_Sunglasses.mp4,8
/mnt/lustre/TAHAKOM/ActionRecognition/data_v2/Train/IDs/user_id_86952/Rearview/Sunglasses/Rear_view_user_id_86952_9_06_30_06_36_Class_10_Sunglasses.mp4,10
/mnt/lustre/TAHAKOM/ActionRecognition/data_v2/Train/IDs/user_id_86952/Rearview/Sunglasses/Rear_view_user_id_86952_9_06_52_07_03_Class_4_Sunglasses.mp4,4
/mnt/lustre/TAHAKOM/ActionRecognition/data_v2/Train/IDs/user_id_86952/Rearview/Sunglasses/Rear_view_user_id_86952_9_07_35_07_54_Class_11_Sunglasses.mp4,11
/mnt/lustre/TAHAKOM/ActionRecognition/data_v2/Train/IDs/user_id_86952/Rearview/Sunglasses/Rear_view_user_id_86952_9_08_10_08_35_Class_12_Sunglasses.mp4,12
/mnt/lustre/TAHAKOM/ActionRecognition/data_v2/Train/IDs/user_id_99882/Rearview/None/Rear_view_user_id_99882_5_05_20_05_33_Class_8_None.mp4,8
/mnt/lustre/TAHAKOM/ActionRecognition/data_v2/Train/IDs/user_id_99882/Rearview/None/Rear_view_user_id_99882_5_04_13_04_27_Class_12_None.mp4,12
/mnt/lustre/TAHAKOM/ActionRecognition/data_v2/Train/IDs/user_id_99882/Rearview/None/Rear_view_user_id_99882_5_06_26_06_35_Class_6_None.mp4,6
/mnt/lustre/TAHAKOM/ActionRecognition/data_v2/Train/IDs/user_id_99882/Rearview/None/Rear_view_user_id_99882_5_08_05_08_19_Class_5_None.mp4,5
/mnt/lustre/TAHAKOM/ActionRecognition/data_v2/Train/IDs/user_id_99882/Rearview/None/Rear_view_user_id_99882_5_01_05_01_24_Class_0_None.mp4,0
/mnt/lustre/TAHAKOM/ActionRecognition/data_v2/Train/IDs/user_id_99882/Rearview/None/Rear_view_user_id_99882_5_07_30_07_35_Class_1_None.mp4,1
/mnt/lustre/TAHAKOM/ActionRecognition/data_v2/Train/IDs/user_id_99882/Rearview/None/Rear_view_user_id_99882_5_02_10_02_14_Class_13_None.mp4,13
/mnt/lustre/TAHAKOM/ActionRecognition/data_v2/Train/IDs/user_id_99882/Rearview/None/Rear_view_user_id_99882_5_00_10_00_13_Class_10_None.mp4,10
/mnt/lustre/TAHAKOM/ActionRecognition/data_v2/Train/IDs/user_id_99882/Rearview/None/Rear_view_user_id_99882_5_03_52_03_57_Class_9_None.mp4,9
/mnt/lustre/TAHAKOM/ActionRecognition/data_v2/Train/IDs/user_id_99882/Rearview/None/Rear_view_user_id_99882_5_07_02_07_14_Class_4_None.mp4,4
/mnt/lustre/TAHAKOM/ActionRecognition/data_v2/Train/IDs/user_id_99882/Rearview/None/Rear_view_user_id_99882_5_05_53_06_08_Class_2_None.mp4,2
/mnt/lustre/TAHAKOM/ActionRecognition/data_v2/Train/IDs/user_id_99882/Rearview/None/Rear_view_user_id_99882_5_01_41_01_59_Class_3_None.mp4,3
/mnt/lustre/TAHAKOM/ActionRecognition/data_v2/Train/IDs/user_id_99882/Rearview/None/Rear_view_user_id_99882_5_02_43_02_46_Class_7_None.mp4,7
/mnt/lustre/TAHAKOM/ActionRecognition/data_v2/Train/IDs/user_id_99882/Rearview/None/Rear_view_user_id_99882_5_03_18_03_37_Class_11_None.mp4,11
/mnt/lustre/TAHAKOM/ActionRecognition/data_v2/Train/IDs/user_id_99882/Rearview/None/Rear_view_user_id_99882_5_04_40_05_00_Class_15_None.mp4,15
/mnt/lustre/TAHAKOM/ActionRecognition/data_v2/Train/IDs/user_id_99882/Rearview/None/Rear_view_user_id_99882_5_00_30_00_51_Class_14_None.mp4,14
/mnt/lustre/TAHAKOM/ActionRecognition/data_v2/Train/IDs/user_id_99882/Rearview/Hat/Rear_view_user_id_99882_7_05_16_05_22_Class_8_Hat.mp4,8
/mnt/lustre/TAHAKOM/ActionRecognition/data_v2/Train/IDs/user_id_99882/Rearview/Hat/Rear_view_user_id_99882_7_04_14_04_26_Class_12_Hat.mp4,12
/mnt/lustre/TAHAKOM/ActionRecognition/data_v2/Train/IDs/user_id_99882/Rearview/Hat/Rear_view_user_id_99882_7_06_27_06_38_Class_6_Hat.mp4,6
/mnt/lustre/TAHAKOM/ActionRecognition/data_v2/Train/IDs/user_id_99882/Rearview/Hat/Rear_view_user_id_99882_7_08_05_08_18_Class_5_Hat.mp4,5
/mnt/lustre/TAHAKOM/ActionRecognition/data_v2/Train/IDs/user_id_99882/Rearview/Hat/Rear_view_user_id_99882_7_01_05_01_24_Class_0_Hat.mp4,0
/mnt/lustre/TAHAKOM/ActionRecognition/data_v2/Train/IDs/user_id_99882/Rearview/Hat/Rear_view_user_id_99882_7_07_33_07_37_Class_1_Hat.mp4,1
/mnt/lustre/TAHAKOM/ActionRecognition/data_v2/Train/IDs/user_id_99882/Rearview/Hat/Rear_view_user_id_99882_7_02_11_02_14_Class_13_Hat.mp4,13
/mnt/lustre/TAHAKOM/ActionRecognition/data_v2/Train/IDs/user_id_99882/Rearview/Hat/Rear_view_user_id_99882_7_00_10_00_13_Class_10_Hat.mp4,10
/mnt/lustre/TAHAKOM/ActionRecognition/data_v2/Train/IDs/user_id_99882/Rearview/Hat/Rear_view_user_id_99882_7_03_51_03_55_Class_9_Hat.mp4,9
/mnt/lustre/TAHAKOM/ActionRecognition/data_v2/Train/IDs/user_id_99882/Rearview/Hat/Rear_view_user_id_99882_7_07_01_07_14_Class_4_Hat.mp4,4
/mnt/lustre/TAHAKOM/ActionRecognition/data_v2/Train/IDs/user_id_99882/Rearview/Hat/Rear_view_user_id_99882_7_05_52_06_09_Class_2_Hat.mp4,2
/mnt/lustre/TAHAKOM/ActionRecognition/data_v2/Train/IDs/user_id_99882/Rearview/Hat/Rear_view_user_id_99882_7_01_46_02_00_Class_3_Hat.mp4,3
/mnt/lustre/TAHAKOM/ActionRecognition/data_v2/Train/IDs/user_id_99882/Rearview/Hat/Rear_view_user_id_99882_7_02_44_02_47_Class_7_Hat.mp4,7
/mnt/lustre/TAHAKOM/ActionRecognition/data_v2/Train/IDs/user_id_99882/Rearview/Hat/Rear_view_user_id_99882_7_03_18_03_37_Class_11_Hat.mp4,11
/mnt/lustre/TAHAKOM/ActionRecognition/data_v2/Train/IDs/user_id_99882/Rearview/Hat/Rear_view_user_id_99882_7_04_42_05_01_Class_15_Hat.mp4,15
/mnt/lustre/TAHAKOM/ActionRecognition/data_v2/Train/IDs/user_id_99882/Rearview/Hat/Rear_view_user_id_99882_7_00_30_00_39_Class_14_Hat.mp4,14
