video_id,video_files,,
1,Dashboard_user_id_26223_NoAudio_3.MP4,Rear_view_user_id_26223_NoAudio_3.MP4,Right_side_window_user_id_26223_NoAudio_3.MP4
2,Dashboard_user_id_26223_NoAudio_5.MP4,Rear_view_user_id_26223_NoAudio_5.MP4,Right_side_window_user_id_26223_NoAudio_5.MP4
3,Dashboard_user_id_42897_NoAudio_5.MP4,Rear_view_user_id_42897_NoAudio_5.MP4,Right_side_window_user_id_42897_NoAudio_5.MP4
4,Dashboard_user_id_42897_NoAudio_7.MP4,Rear_view_user_id_42897_NoAudio_7.MP4,Right_side_window_user_id_42897_NoAudio_7.MP4
5,Dashboard_user_id_49989_NoAudio_5.MP4,Rear_view_user_id_49989_NoAudio_5.MP4,Right_side_window_user_id_49989_NoAudio_5.MP4
6,Dashboard_user_id_49989_NoAudio_7.MP4,Rear_view_user_id_49989_NoAudio_7.MP4,Right_side_window_user_id_49989_NoAudio_7.MP4
7,Dashboard_user_id_51953_NoAudio_3.MP4,Rear_view_user_id_51953_NoAudio_3.MP4,Right_side_window_user_id_51953_NoAudio_3.MP4
8,Dashboard_user_id_51953_NoAudio_7.MP4,Rear_view_user_id_51953_NoAudio_7.MP4,Right_side_window_user_id_51953_NoAudio_7.MP4
9,Dashboard_user_id_96715_NoAudio_5.MP4,Rear_view_user_id_96715_NoAudio_5.MP4,Right_side_window_user_id_96715_NoAudio_5.MP4
10,Dashboard_user_id_96715_NoAudio_7.MP4,Rear_view_user_id_96715_NoAudio_7.MP4,Right_side_window_user_id_96715_NoAudio_7.MP4
